,date,segment,Flesch-Kincaid Grade Level,Flesch-Kincaid Reading Ease,Gunning Fog Index,SMOG Index,Coleman-Liau Index,Automated Readability Index (ARI)
0,2011-04-27,opening_remark,13.2,40.38,12.49,15.6,12.71,14.5
1,2011-04-27,qa_pair1,9.9,65.15,12.36,11.7,9.41,12.3
2,2011-04-27,qa_pair2,11.4,55.68,13.22,13.6,10.51,13.8
3,2011-04-27,qa_pair3,9.7,60.24,11.29,12.3,9.17,10.6
4,2011-04-27,qa_pair4,8.8,67.99,11.03,10.8,8.47,10.5
5,2011-04-27,qa_pair5,8.2,69.52,9.79,10.4,8.59,9.7
6,2011-04-27,qa_pair6,7.9,70.23,10.05,10.8,8.41,9.6
7,2011-04-27,qa_pair7,12.6,52.53,13.99,14.1,10.45,15.1
8,2011-04-27,qa_pair8,13.0,51.62,14.7,14.0,10.04,15.3
9,2011-04-27,qa_pair9,4.4,79.26,6.56,8.8,8.03,5.9
10,2011-04-27,qa_pair10,12.1,53.95,14.08,13.6,9.12,13.3
11,2011-04-27,qa_pair11,9.8,60.04,11.78,12.7,9.28,10.6
12,2011-04-27,qa_pair12,9.5,65.96,11.64,12.1,9.52,12.4
13,2011-04-27,qa_pair13,10.9,57.1,12.56,13.0,9.7,12.2
14,2011-04-27,qa_pair14,7.9,75.74,11.01,10.4,7.37,10.0
15,2011-04-27,qa_pair15,8.2,69.52,10.59,10.8,9.52,10.6
16,2011-04-27,qa_pair16,10.1,64.44,12.71,12.3,9.41,12.6
17,2011-04-27,qa_pair17,9.9,59.53,11.8,13.1,9.75,11.3
18,2011-04-27,qa_pair18,15.2,40.42,17.21,16.8,11.04,17.0
19,2011-04-27,qa_pair19,13.0,56.93,15.95,13.8,9.88,16.2
20,2011-04-27,qa_pair20,9.4,66.27,11.72,11.8,8.88,11.6
21,2011-04-27,qa_pair21,8.8,67.89,10.57,12.0,8.24,10.1
22,2011-06-22,opening_remark,11.1,51.18,11.66,14.0,11.49,12.6
23,2011-06-22,qa_pair1,7.6,71.04,9.18,10.6,8.58,9.2
24,2011-06-22,qa_pair2,10.6,63.12,12.64,11.7,8.25,12.2
25,2011-06-22,qa_pair3,9.4,61.06,11.75,12.8,9.63,10.6
26,2011-06-22,qa_pair4,8.8,67.79,11.4,10.9,7.66,9.7
27,2011-06-22,qa_pair5,9.4,66.37,11.88,11.5,8.24,10.9
28,2011-06-22,qa_pair6,9.2,61.36,11.79,12.5,9.17,10.1
29,2011-06-22,qa_pair7,10.8,57.2,12.8,13.3,9.93,12.3
30,2011-06-22,qa_pair8,13.2,51.11,14.11,13.9,9.17,14.8
31,2011-06-22,qa_pair9,11.5,60.99,13.76,13.0,10.04,14.9
32,2011-06-22,qa_pair10,9.8,59.84,11.49,12.7,9.11,10.9
33,2011-06-22,qa_pair11,10.1,64.44,12.83,12.3,8.25,11.8
34,2011-06-22,qa_pair12,10.0,64.85,11.91,11.8,8.77,11.9
35,2011-06-22,qa_pair13,7.6,76.56,10.0,10.3,8.3,10.3
36,2011-06-22,qa_pair14,9.7,60.14,11.79,11.9,8.7,10.3
37,2011-06-22,qa_pair15,9.1,61.87,10.6,11.6,8.47,9.5
38,2011-06-22,qa_pair16,10.0,59.43,12.48,13.0,9.05,10.9
39,2011-06-22,qa_pair17,11.4,55.88,12.92,12.1,10.1,13.2
40,2011-11-02,opening_remark,12.5,42.21,11.83,14.8,12.65,13.8
41,2011-11-02,qa_pair1,10.8,57.2,12.74,13.3,9.06,11.7
42,2011-11-02,qa_pair2,11.5,55.58,13.56,13.6,9.46,12.8
43,2011-11-02,qa_pair3,9.3,61.16,10.84,12.5,9.11,10.0
44,2011-11-02,qa_pair4,8.8,67.79,11.35,11.2,10.27,11.9
45,2011-11-02,qa_pair5,9.6,55.13,10.53,12.3,10.96,10.6
46,2011-11-02,qa_pair6,7.0,72.66,9.75,10.7,8.29,8.4
47,2011-11-02,qa_pair7,9.5,60.75,10.65,12.0,8.36,9.6
48,2011-11-02,qa_pair8,12.1,53.95,15.19,14.4,10.33,14.5
49,2011-11-02,qa_pair9,11.6,60.69,14.35,14.3,9.0,14.0
50,2011-11-02,qa_pair10,12.8,52.02,15.51,15.0,9.0,14.0
51,2011-11-02,qa_pair11,8.9,67.69,11.1,10.6,8.24,10.2
52,2011-11-02,qa_pair12,8.1,69.62,11.22,12.0,8.18,9.3
53,2011-11-02,qa_pair13,10.8,62.82,13.99,13.0,8.71,12.9
54,2011-11-02,qa_pair14,9.3,66.67,12.03,12.7,8.12,10.6
55,2011-11-02,qa_pair15,10.2,64.24,12.5,12.8,9.29,12.5
56,2011-11-02,qa_pair16,10.7,57.71,12.81,13.6,9.86,12.4
57,2011-11-02,qa_pair17,10.7,57.71,12.18,13.0,8.88,11.5
58,2011-11-02,qa_pair18,13.5,50.2,14.95,14.8,11.15,16.6
59,2011-11-02,qa_pair19,12.0,54.26,14.51,14.4,11.61,15.2
60,2012-01-25,opening_remark,14.3,37.44,13.4,17.1,13.35,16.4
61,2012-01-25,qa_pair1,12.6,52.53,14.56,13.6,9.12,14.2
62,2012-01-25,qa_pair2,16.0,43.7,18.09,16.6,9.3,18.2
63,2012-01-25,qa_pair3,12.6,52.73,13.97,13.9,9.58,14.4
64,2012-01-25,qa_pair4,13.7,55.2,16.43,14.8,8.48,16.0
65,2012-01-25,qa_pair5,16.2,48.71,18.59,15.5,9.47,20.1
66,2012-01-25,qa_pair6,10.2,64.34,12.86,12.8,7.38,10.9
67,2012-01-25,qa_pair7,15.5,50.54,17.85,14.0,8.31,18.2
68,2012-01-25,qa_pair8,15.4,45.32,17.57,16.0,10.28,18.3
69,2012-01-25,qa_pair9,10.3,63.93,13.59,13.4,8.3,11.9
70,2012-01-25,qa_pair10,12.9,51.92,14.72,14.6,9.46,14.6
71,2012-01-25,qa_pair11,14.9,46.74,17.08,16.5,10.46,17.7
72,2012-01-25,qa_pair12,13.9,54.7,17.08,15.2,8.89,16.7
73,2012-01-25,qa_pair13,13.3,50.7,14.36,14.6,9.76,15.2
74,2012-01-25,qa_pair14,13.6,50.09,15.54,15.5,10.17,15.8
75,2012-01-25,qa_pair15,15.9,44.11,17.75,15.1,9.88,18.4
76,2012-01-25,qa_pair16,9.7,65.56,11.67,12.0,9.0,11.5
77,2012-01-25,qa_pair17,10.6,63.32,12.36,12.3,7.67,11.8
78,2012-01-25,qa_pair18,9.4,66.37,11.98,12.1,7.89,10.6
79,2012-04-25,opening_remark,11.8,44.03,11.87,15.1,12.82,13.0
80,2012-04-25,qa_pair1,10.8,57.3,12.78,12.6,9.46,12.0
81,2012-04-25,qa_pair2,11.6,60.69,13.85,12.9,9.75,14.5
82,2012-04-25,qa_pair3,9.7,60.14,11.37,11.8,9.05,10.4
83,2012-04-25,qa_pair4,12.3,53.44,13.89,13.9,9.23,13.7
84,2012-04-25,qa_pair5,9.6,65.76,11.89,12.6,9.17,11.6
85,2012-04-25,qa_pair6,14.6,52.87,17.57,14.4,8.72,17.4
86,2012-04-25,qa_pair7,10.6,63.22,12.82,11.2,9.87,13.6
87,2012-04-25,qa_pair8,19.0,35.99,20.6,16.7,9.88,22.2
88,2012-04-25,qa_pair9,13.6,50.09,15.56,14.9,10.75,16.2
89,2012-04-25,qa_pair10,11.7,60.48,14.71,13.5,10.04,15.0
90,2012-04-25,qa_pair11,12.3,58.76,15.38,14.0,10.17,15.8
91,2012-04-25,qa_pair12,10.7,57.5,13.18,13.5,9.23,12.0
92,2012-04-25,qa_pair13,10.5,58.11,11.7,12.3,8.76,11.3
93,2012-04-25,qa_pair14,10.3,64.14,12.79,12.5,10.28,13.6
94,2012-04-25,qa_pair15,12.5,52.94,15.38,14.6,9.75,14.3
95,2012-04-25,qa_pair16,6.7,73.47,8.96,10.6,8.46,8.2
96,2012-04-25,qa_pair17,9.4,66.37,11.28,11.7,8.65,11.2
97,2012-04-25,qa_pair18,9.2,61.56,10.34,11.5,8.41,9.6
98,2012-04-25,qa_pair19,10.2,64.34,12.37,12.0,8.48,12.1
99,2012-06-20,opening_remark,13.8,38.76,13.86,16.1,13.29,15.6
100,2012-06-20,qa_pair1,10.0,59.33,11.61,12.6,9.05,11.0
101,2012-06-20,qa_pair2,8.8,62.58,10.73,11.5,9.92,10.2
102,2012-06-20,qa_pair3,10.0,59.43,11.33,12.7,9.75,11.4
103,2012-06-20,qa_pair4,12.7,52.43,15.86,14.4,9.35,14.2
104,2012-06-20,qa_pair5,10.3,58.52,11.47,12.3,9.4,11.7
105,2012-06-20,qa_pair6,7.2,77.47,9.93,9.3,5.51,7.5
106,2012-06-20,qa_pair7,9.1,67.18,12.18,12.3,9.05,11.4
107,2012-06-20,qa_pair8,8.8,62.48,10.99,12.6,10.73,10.9
108,2012-06-20,qa_pair9,9.8,65.25,12.39,12.6,8.88,11.8
109,2012-06-20,qa_pair10,11.1,61.9,14.01,12.3,9.06,13.5
110,2012-06-20,qa_pair11,9.5,65.96,12.23,11.5,8.82,11.7
111,2012-06-20,qa_pair12,9.7,60.24,10.97,12.1,9.92,11.2
112,2012-06-20,qa_pair13,15.0,51.65,17.43,13.6,8.08,17.6
113,2012-06-20,qa_pair14,7.4,71.44,9.4,10.5,6.96,7.7
114,2012-06-20,qa_pair15,13.4,50.6,15.07,14.0,9.24,14.9
115,2012-06-20,qa_pair16,19.3,40.69,21.64,15.2,8.2,22.7
116,2012-06-20,qa_pair17,10.6,63.32,12.47,12.6,8.13,12.0
117,2012-06-20,qa_pair18,5.2,82.75,6.89,7.6,5.5,5.5
118,2012-06-20,qa_pair19,10.3,64.14,13.39,13.3,8.77,12.1
119,2012-06-20,qa_pair20,7.6,70.94,10.14,11.1,7.71,8.5
120,2012-06-20,qa_pair21,8.4,63.49,10.08,11.2,9.34,9.4
121,2012-06-20,qa_pair22,8.8,62.48,11.15,12.2,9.97,10.2
122,2012-06-20,qa_pair23,7.2,72.05,9.12,10.6,7.07,7.4
123,2012-09-13,opening_remark,12.5,47.42,13.11,15.5,12.54,15.0
124,2012-09-13,qa_pair1,9.0,67.28,10.97,11.5,7.49,10.0
125,2012-09-13,qa_pair2,9.1,67.08,12.63,12.5,7.78,10.2
126,2012-09-13,qa_pair3,7.9,75.64,10.38,11.2,7.43,9.9
127,2012-09-13,qa_pair4,9.4,60.95,10.7,12.3,9.17,10.3
128,2012-09-13,qa_pair5,10.7,62.92,12.65,12.3,7.96,12.1
129,2012-09-13,qa_pair6,10.3,58.62,12.92,12.6,10.21,12.3
130,2012-09-13,qa_pair7,10.8,62.82,12.46,11.3,8.65,12.8
131,2012-09-13,qa_pair8,10.5,58.11,12.74,13.0,10.85,13.3
132,2012-09-13,qa_pair9,8.9,67.59,11.72,12.0,7.6,9.9
133,2012-09-13,qa_pair10,11.8,60.18,13.89,11.8,8.94,14.3
134,2012-09-13,qa_pair11,13.6,50.09,15.84,14.6,9.12,14.9
135,2012-09-13,qa_pair12,10.0,64.75,12.75,12.3,7.67,11.0
136,2012-09-13,qa_pair13,10.9,57.1,12.3,12.9,10.1,12.6
137,2012-09-13,qa_pair14,8.4,74.22,11.79,11.9,7.32,10.3
138,2012-09-13,qa_pair15,10.2,64.24,12.37,11.8,7.49,11.2
139,2012-09-13,qa_pair16,9.4,71.78,12.31,12.4,7.09,11.2
140,2012-09-13,qa_pair17,16.0,43.8,18.33,16.1,10.98,19.5
141,2012-09-13,qa_pair18,9.9,64.95,11.55,11.4,7.84,11.1
142,2012-09-13,qa_pair19,13.1,56.83,15.83,14.3,8.43,15.3
143,2012-09-13,qa_pair20,8.3,74.73,10.9,11.0,6.67,9.9
144,2012-09-13,qa_pair21,10.2,58.82,11.2,12.4,10.21,12.1
145,2012-12-12,opening_remark,16.1,32.67,15.55,18.2,14.17,19.1
146,2012-12-12,qa_pair1,10.4,63.63,12.65,13.1,9.06,12.7
147,2012-12-12,qa_pair2,12.0,54.15,13.57,13.8,10.62,14.4
148,2012-12-12,qa_pair3,11.3,61.29,13.38,13.0,8.48,13.3
149,2012-12-12,qa_pair4,10.0,64.85,12.1,12.0,8.94,12.0
150,2012-12-12,qa_pair5,9.7,65.66,11.81,11.4,8.54,11.2
151,2012-12-12,qa_pair6,11.9,59.87,14.59,13.8,9.41,14.8
152,2012-12-12,qa_pair7,13.0,51.72,16.17,15.2,10.86,15.8
153,2012-12-12,qa_pair8,10.2,64.24,12.78,13.0,8.94,12.2
154,2012-12-12,qa_pair9,12.3,53.34,14.37,14.6,9.17,13.6
155,2012-12-12,qa_pair10,14.0,48.98,16.01,14.8,10.34,16.5
156,2012-12-12,qa_pair11,9.2,66.88,12.25,11.8,9.46,11.8
157,2012-12-12,qa_pair12,12.6,47.32,14.27,14.6,11.26,14.3
158,2012-12-12,qa_pair13,9.8,60.04,10.49,12.4,8.18,9.9
159,2012-12-12,qa_pair14,10.3,58.62,11.13,12.2,9.11,11.3
160,2012-12-12,qa_pair15,13.6,49.99,15.33,14.6,9.12,15.2
161,2012-12-12,qa_pair16,5.6,81.53,8.25,9.3,6.78,7.2
162,2012-12-12,qa_pair17,6.0,80.72,8.69,10.3,7.71,8.0
163,2012-12-12,qa_pair18,8.9,67.59,11.1,11.1,8.82,10.9
164,2012-12-12,qa_pair19,11.4,55.68,13.39,12.9,9.35,12.7
165,2012-12-12,qa_pair20,11.4,55.88,12.41,12.8,9.7,12.9
166,2012-12-12,qa_pair21,12.6,58.05,14.45,12.6,9.12,15.3
167,2013-03-20,opening_remark,12.1,48.54,12.64,15.3,12.54,14.4
168,2013-03-20,qa_pair1,12.7,52.33,15.19,14.6,10.91,15.6
169,2013-03-20,qa_pair2,10.8,62.61,13.2,12.9,9.23,13.5
170,2013-03-20,qa_pair3,9.0,67.49,10.8,11.0,7.37,9.7
171,2013-03-20,qa_pair4,8.7,68.2,10.98,11.5,8.07,10.0
172,2013-03-20,qa_pair5,6.1,80.41,9.07,9.8,6.84,7.4
173,2013-03-20,qa_pair6,9.5,60.75,11.15,11.9,8.59,9.9
174,2013-03-20,qa_pair7,6.8,78.59,8.87,9.7,5.28,7.1
175,2013-03-20,qa_pair8,8.8,67.79,10.68,11.2,8.65,10.7
176,2013-03-20,qa_pair9,10.7,57.5,12.84,12.7,10.21,12.8
177,2013-03-20,qa_pair10,6.1,75.0,8.81,9.8,6.83,6.5
178,2013-03-20,qa_pair11,10.1,59.03,11.76,12.0,7.95,10.1
179,2013-03-20,qa_pair12,9.2,66.98,11.34,12.0,9.34,11.7
180,2013-03-20,qa_pair13,9.8,65.35,11.75,12.0,7.72,10.8
181,2013-03-20,qa_pair14,6.9,72.87,9.53,11.1,6.72,7.2
182,2013-03-20,qa_pair15,8.4,69.01,10.78,10.5,8.12,9.6
183,2013-03-20,qa_pair16,9.9,70.57,12.83,11.6,7.09,11.8
184,2013-03-20,qa_pair17,9.7,65.66,11.79,11.4,6.97,10.2
185,2013-03-20,qa_pair18,9.7,65.56,11.58,11.9,8.54,11.4
186,2013-03-20,qa_pair19,10.6,63.22,12.98,12.6,8.07,12.0
187,2013-03-20,qa_pair20,11.1,61.8,14.68,13.8,8.36,13.0
188,2013-06-19,opening_remark,13.0,46.3,12.93,15.8,12.13,15.2
189,2013-06-19,qa_pair1,9.5,66.07,11.41,11.5,7.83,10.9
190,2013-06-19,qa_pair2,8.9,67.69,11.51,12.0,8.65,10.7
191,2013-06-19,qa_pair3,8.2,69.52,10.72,11.6,8.53,9.8
192,2013-06-19,qa_pair4,11.3,61.5,14.45,13.7,8.77,13.5
193,2013-06-19,qa_pair5,8.5,68.6,11.56,11.2,8.24,9.8
194,2013-06-19,qa_pair6,9.7,65.56,11.2,10.4,8.01,11.1
195,2013-06-19,qa_pair7,10.5,58.11,11.32,12.7,9.11,11.6
196,2013-06-19,qa_pair8,11.9,59.77,14.88,13.3,8.42,14.0
197,2013-06-19,qa_pair9,9.0,67.38,11.15,11.4,7.95,10.3
198,2013-06-19,qa_pair10,7.1,77.77,9.12,10.3,6.09,7.8
199,2013-06-19,qa_pair11,9.2,66.78,12.28,12.1,7.83,10.5
200,2013-06-19,qa_pair12,12.1,59.37,13.86,13.0,9.18,14.7
201,2013-06-19,qa_pair13,10.3,69.45,13.24,11.7,7.96,13.2
202,2013-06-19,qa_pair14,7.9,70.23,10.16,11.2,7.42,8.8
203,2013-06-19,qa_pair15,9.9,64.95,11.64,12.1,8.19,11.4
204,2013-06-19,qa_pair16,8.8,67.79,10.68,11.0,7.83,9.9
205,2013-06-19,qa_pair17,8.6,68.4,10.36,12.0,8.18,10.0
206,2013-06-19,qa_pair18,11.8,59.98,14.69,13.2,8.36,13.9
207,2013-09-18,opening_remark,12.4,47.72,12.38,15.6,12.36,14.8
208,2013-09-18,qa_pair1,11.1,61.9,12.16,12.5,8.71,13.2
209,2013-09-18,qa_pair2,12.5,52.94,14.63,14.2,9.06,13.6
210,2013-09-18,qa_pair3,9.0,67.28,10.95,11.1,8.18,10.4
211,2013-09-18,qa_pair4,5.4,82.14,7.73,8.5,5.68,5.8
212,2013-09-18,qa_pair5,12.4,53.24,14.57,13.6,7.9,12.5
213,2013-09-18,qa_pair6,10.0,64.85,12.73,13.0,9.12,12.3
214,2013-09-18,qa_pair7,14.4,53.38,17.17,14.7,8.72,17.1
215,2013-09-18,qa_pair8,12.3,58.76,14.94,14.4,9.24,15.1
216,2013-09-18,qa_pair9,10.4,58.32,12.19,13.2,9.28,11.6
217,2013-09-18,qa_pair10,10.8,57.3,12.27,13.3,9.06,11.7
218,2013-09-18,qa_pair11,10.9,62.41,12.98,12.4,8.13,12.6
219,2013-09-18,qa_pair12,11.9,54.36,13.57,14.1,9.46,13.4
220,2013-09-18,qa_pair13,12.4,53.24,13.95,13.0,9.0,13.5
221,2013-09-18,qa_pair14,17.2,40.65,19.61,15.9,9.47,19.8
222,2013-09-18,qa_pair15,10.4,63.63,13.5,13.3,7.9,11.8
223,2013-09-18,qa_pair16,12.0,48.84,13.7,13.8,10.22,12.6
224,2013-09-18,qa_pair17,4.7,78.65,8.01,9.4,7.46,5.6
225,2013-09-18,qa_pair18,7.4,71.55,9.48,10.0,7.48,8.0
226,2013-09-18,qa_pair19,9.9,65.05,11.99,12.4,8.3,11.5
227,2013-09-18,qa_pair20,10.1,59.13,10.88,11.9,9.81,11.6
228,2013-12-18,opening_remark,13.4,39.77,12.2,15.2,13.0,14.9
229,2013-12-18,qa_pair1,9.9,65.15,12.46,12.1,7.32,10.4
230,2013-12-18,qa_pair2,9.4,61.06,10.59,12.2,8.47,9.6
231,2013-12-18,qa_pair3,7.8,70.43,9.98,10.0,7.31,8.4
232,2013-12-18,qa_pair4,10.8,57.4,12.14,13.3,9.17,11.9
233,2013-12-18,qa_pair5,8.0,70.02,9.97,10.9,7.6,8.8
234,2013-12-18,qa_pair6,11.9,59.77,14.12,12.8,8.48,14.2
235,2013-12-18,qa_pair7,9.3,66.67,11.37,11.2,7.89,10.5
236,2013-12-18,qa_pair8,4.3,74.15,6.99,7.8,9.26,7.5
237,2013-12-18,qa_pair9,8.6,68.4,11.54,12.2,8.3,10.1
238,2013-12-18,qa_pair10,10.4,58.42,11.73,13.0,9.28,11.5
239,2013-12-18,qa_pair11,8.6,68.5,11.01,12.0,8.18,9.7
240,2013-12-18,qa_pair12,8.8,67.89,11.5,12.4,8.01,9.9
241,2013-12-18,qa_pair13,8.5,63.19,9.46,11.2,8.58,9.1
242,2013-12-18,qa_pair14,9.0,67.49,10.59,10.9,7.02,9.6
243,2013-12-18,qa_pair15,11.7,60.48,13.14,12.1,8.25,13.6
244,2013-12-18,qa_pair16,9.9,65.05,12.15,12.3,8.54,11.6
245,2013-12-18,qa_pair17,7.7,70.84,9.23,10.2,7.48,8.6
246,2013-12-18,qa_pair18,8.9,67.59,10.8,11.3,7.95,10.3
247,2013-12-18,qa_pair19,13.8,49.38,14.97,14.8,9.24,15.4
248,2013-12-18,qa_pair20,9.8,65.25,11.52,11.3,7.67,10.8
249,2013-12-18,qa_pair21,10.5,58.21,11.49,13.1,8.99,11.4
250,2013-12-18,qa_pair22,10.1,64.64,12.89,12.3,8.3,11.5
251,2013-12-18,qa_pair23,14.1,48.77,15.16,14.0,9.35,15.8
252,2014-03-19,opening_remark,14.8,36.02,13.51,16.5,13.0,16.8
253,2014-03-19,qa_pair1,10.9,62.41,12.83,12.7,8.48,12.6
254,2014-03-19,qa_pair2,11.8,60.18,13.59,13.3,8.36,13.7
255,2014-03-19,qa_pair3,10.6,63.12,13.24,13.1,8.88,12.8
256,2014-03-19,qa_pair4,11.0,62.11,13.09,12.8,8.48,12.9
257,2014-03-19,qa_pair5,12.5,58.35,15.55,13.6,8.08,14.3
258,2014-03-19,qa_pair6,17.8,39.13,18.7,16.1,10.52,21.1
259,2014-03-19,qa_pair7,6.8,78.48,9.23,9.6,6.96,8.4
260,2014-03-19,qa_pair8,11.4,61.09,13.96,13.8,8.65,13.4
261,2014-03-19,qa_pair9,9.5,65.96,11.03,11.6,8.53,11.3
262,2014-03-19,qa_pair10,11.8,60.18,14.72,13.8,8.25,13.6
263,2014-03-19,qa_pair11,21.5,34.9,25.38,18.1,9.59,26.6
264,2014-03-19,qa_pair12,10.4,63.83,12.23,11.2,7.67,11.4
265,2014-03-19,qa_pair13,8.6,73.71,12.36,12.1,6.91,10.2
266,2014-03-19,qa_pair14,7.2,72.05,9.4,10.0,7.77,8.2
267,2014-03-19,qa_pair15,13.8,55.0,16.0,13.6,7.85,15.5
268,2014-06-18,opening_remark,15.0,35.51,14.4,17.1,13.23,17.3
269,2014-06-18,qa_pair1,11.7,54.86,12.58,14.1,9.06,12.8
270,2014-06-18,qa_pair2,10.6,63.32,13.3,12.8,8.88,12.7
271,2014-06-18,qa_pair3,12.2,53.65,13.77,13.5,9.0,13.3
272,2014-06-18,qa_pair4,12.7,52.43,14.65,14.2,8.94,13.9
273,2014-06-18,qa_pair5,9.7,65.66,12.54,13.1,9.35,11.8
274,2014-06-18,qa_pair6,10.9,62.51,13.03,12.2,8.19,12.5
275,2014-06-18,qa_pair7,10.2,58.82,12.16,12.9,9.34,11.5
276,2014-06-18,qa_pair8,13.7,49.79,16.13,14.9,10.11,15.9
277,2014-06-18,qa_pair9,9.2,72.29,11.59,11.5,7.67,11.5
278,2014-06-18,qa_pair10,12.2,53.75,13.61,15.1,10.8,14.6
279,2014-06-18,qa_pair11,13.0,51.52,15.96,15.3,10.74,15.8
280,2014-06-18,qa_pair12,11.1,56.49,12.09,12.7,9.35,12.3
281,2014-06-18,qa_pair13,8.6,68.5,10.57,11.2,7.25,9.1
282,2014-06-18,qa_pair14,10.2,64.24,11.54,11.2,8.48,12.0
283,2014-06-18,qa_pair15,10.7,63.02,13.49,13.2,8.36,12.5
284,2014-06-18,qa_pair16,6.9,78.18,10.4,10.4,6.91,8.2
285,2014-09-17,opening_remark,13.5,44.88,13.49,15.8,11.9,15.7
286,2014-09-17,qa_pair1,12.6,52.73,13.86,14.3,9.46,14.2
287,2014-09-17,qa_pair2,12.0,59.57,13.95,13.9,9.23,14.8
288,2014-09-17,qa_pair3,9.8,59.84,11.96,12.5,10.15,11.5
289,2014-09-17,qa_pair4,12.1,59.26,14.5,14.1,9.53,14.8
290,2014-09-17,qa_pair5,10.9,62.41,13.58,13.4,9.23,13.3
291,2014-09-17,qa_pair6,10.3,58.62,11.55,12.2,9.86,11.9
292,2014-09-17,qa_pair7,8.8,67.99,11.66,12.1,9.34,10.9
293,2014-09-17,qa_pair8,9.1,67.08,10.94,11.2,8.7,10.8
294,2014-09-17,qa_pair9,9.6,60.35,11.1,12.4,8.18,9.5
295,2014-09-17,qa_pair10,12.7,52.43,13.72,13.1,9.35,14.1
296,2014-09-17,qa_pair11,9.0,67.49,9.35,10.0,8.01,10.2
297,2014-09-17,qa_pair12,14.3,53.48,17.74,14.8,9.82,18.0
298,2014-12-17,opening_remark,13.0,46.3,12.89,15.4,11.9,15.0
299,2014-12-17,qa_pair1,11.3,55.98,12.09,12.9,9.75,12.7
300,2014-12-17,qa_pair2,7.4,71.55,9.4,11.6,7.25,7.6
301,2014-12-17,qa_pair3,10.3,58.52,11.83,13.1,10.15,12.3
302,2014-12-17,qa_pair4,8.8,67.89,11.74,12.5,9.17,10.8
303,2014-12-17,qa_pair5,10.7,62.92,12.7,13.2,9.29,13.2
304,2014-12-17,qa_pair6,10.9,57.0,12.58,13.5,9.7,12.4
305,2014-12-17,qa_pair7,9.9,65.15,11.98,12.8,8.13,11.2
306,2014-12-17,qa_pair8,11.1,56.59,12.29,13.9,10.68,13.3
307,2014-12-17,qa_pair9,10.5,58.21,11.82,12.6,8.76,11.1
308,2014-12-17,qa_pair10,10.7,57.5,12.52,13.6,9.52,11.9
309,2014-12-17,qa_pair11,11.2,56.29,12.32,13.3,9.41,12.3
310,2014-12-17,qa_pair12,6.6,73.58,8.8,10.5,8.52,8.2
311,2014-12-17,qa_pair13,7.5,76.76,9.67,9.9,8.18,10.0
312,2014-12-17,qa_pair14,14.0,49.08,15.51,15.5,10.05,16.1
313,2014-12-17,qa_pair15,7.6,71.14,10.12,10.6,8.23,8.9
314,2015-03-18,opening_remark,13.3,45.49,13.48,15.2,11.03,14.7
315,2015-03-18,qa_pair1,7.9,70.33,10.6,11.2,8.18,9.2
316,2015-03-18,qa_pair2,8.9,67.69,10.5,11.0,7.37,9.6
317,2015-03-18,qa_pair3,8.4,69.01,11.37,12.2,8.24,9.6
318,2015-03-18,qa_pair4,11.3,61.4,13.53,12.6,7.49,12.4
319,2015-03-18,qa_pair5,11.0,62.31,12.95,12.2,8.13,12.5
320,2015-03-18,qa_pair6,10.6,63.22,13.15,13.2,9.29,13.0
321,2015-03-18,qa_pair7,11.8,54.76,13.29,12.9,9.06,12.8
322,2015-03-18,qa_pair8,9.3,66.67,10.91,11.6,7.66,10.2
323,2015-03-18,qa_pair9,13.0,56.93,15.88,13.3,7.44,14.4
324,2015-03-18,qa_pair10,11.5,60.89,14.09,13.7,8.3,13.3
325,2015-03-18,qa_pair11,7.8,75.84,10.32,9.9,6.27,8.9
326,2015-03-18,qa_pair12,10.9,62.41,13.11,12.3,9.29,13.4
327,2015-03-18,qa_pair13,10.1,64.64,12.89,12.1,8.13,11.3
328,2015-03-18,qa_pair14,11.7,60.48,14.0,12.8,8.36,13.6
329,2015-03-18,qa_pair15,8.5,68.7,10.95,10.8,8.47,9.8
330,2015-03-18,qa_pair16,9.7,65.46,11.95,12.0,7.55,10.5
331,2015-06-17,opening_remark,12.9,46.4,12.98,14.9,10.97,14.1
332,2015-06-17,qa_pair1,10.5,63.43,13.26,13.9,8.3,12.0
333,2015-06-17,qa_pair2,11.5,60.99,13.52,12.7,7.55,12.7
334,2015-06-17,qa_pair3,9.4,66.47,11.59,10.9,7.2,9.9
335,2015-06-17,qa_pair4,10.8,57.4,12.41,13.0,8.76,11.5
336,2015-06-17,qa_pair5,11.1,62.01,13.42,13.2,8.3,12.8
337,2015-06-17,qa_pair6,9.4,71.78,13.0,11.8,7.43,11.3
338,2015-06-17,qa_pair7,16.6,42.28,18.21,15.4,10.46,20.0
339,2015-06-17,qa_pair8,10.8,62.72,13.28,13.0,8.59,12.8
340,2015-06-17,qa_pair9,9.6,65.76,11.62,11.0,9.0,11.6
341,2015-06-17,qa_pair10,11.0,56.79,12.92,13.4,9.17,11.9
342,2015-06-17,qa_pair11,9.3,71.99,12.09,10.5,7.78,11.6
343,2015-06-17,qa_pair12,15.6,50.33,17.63,14.2,7.79,17.7
344,2015-06-17,qa_pair13,10.1,64.44,12.83,12.5,7.96,11.3
345,2015-06-17,qa_pair14,8.9,73.1,12.1,10.6,7.43,10.9
346,2015-06-17,qa_pair15,13.9,49.18,16.08,14.9,9.7,15.7
347,2015-06-17,qa_pair16,9.1,67.08,11.8,11.6,6.73,9.3
348,2015-06-17,qa_pair17,12.6,52.53,14.75,14.2,9.35,14.0
349,2015-09-17,opening_remark,12.6,47.22,12.52,15.6,12.36,14.9
350,2015-09-17,qa_pair1,11.4,55.78,12.49,12.9,9.7,12.9
351,2015-09-17,qa_pair2,8.2,69.41,10.51,11.9,7.54,8.9
352,2015-09-17,qa_pair3,13.3,50.7,15.18,13.9,9.01,14.7
353,2015-09-17,qa_pair4,11.4,55.88,12.11,13.7,9.81,12.9
354,2015-09-17,qa_pair5,11.2,61.6,13.59,13.9,9.41,13.9
355,2015-09-17,qa_pair6,9.0,67.49,11.0,12.5,6.38,8.8
356,2015-09-17,qa_pair7,14.2,53.99,16.22,14.0,8.14,16.3
357,2015-09-17,qa_pair8,10.5,58.21,11.49,13.3,10.04,12.2
358,2015-09-17,qa_pair9,5.2,82.75,8.44,9.4,5.85,5.7
359,2015-09-17,qa_pair10,14.2,53.78,17.74,15.9,8.66,16.8
360,2015-09-17,qa_pair11,12.1,53.85,13.08,14.0,9.06,13.3
361,2015-09-17,qa_pair12,11.1,61.9,13.26,13.3,7.61,12.4
362,2015-09-17,qa_pair13,9.2,61.46,9.88,13.2,9.57,10.6
363,2015-09-17,qa_pair14,7.9,70.33,10.3,10.8,8.23,9.2
364,2015-09-17,qa_pair15,11.8,49.35,12.52,13.9,10.68,12.8
365,2015-09-17,qa_pair16,10.7,63.02,12.97,12.8,8.48,12.5
366,2015-09-17,qa_pair17,10.4,63.73,13.25,13.0,9.17,12.6
367,2015-12-16,opening_remark,13.9,43.87,13.89,15.4,11.09,15.4
368,2015-12-16,qa_pair1,8.2,69.52,10.67,11.9,7.89,9.1
369,2015-12-16,qa_pair2,10.6,63.32,12.73,12.2,7.9,11.7
370,2015-12-16,qa_pair3,10.8,62.72,13.08,13.6,8.13,12.3
371,2015-12-16,qa_pair4,10.1,64.54,11.23,11.4,7.9,11.3
372,2015-12-16,qa_pair5,10.8,57.3,12.1,13.5,9.81,12.3
373,2015-12-16,qa_pair6,9.2,66.78,11.38,12.2,8.3,10.7
374,2015-12-16,qa_pair7,11.0,62.31,13.64,12.8,8.13,12.5
375,2015-12-16,qa_pair8,11.3,61.29,14.1,13.4,9.41,14.1
376,2015-12-16,qa_pair9,7.7,76.15,10.99,10.7,6.91,9.1
377,2015-12-16,qa_pair10,9.6,71.18,12.89,12.3,8.25,12.4
378,2015-12-16,qa_pair11,9.6,60.35,11.3,12.1,9.86,10.8
379,2015-12-16,qa_pair12,11.8,60.08,13.79,12.6,6.97,12.5
380,2015-12-16,qa_pair13,7.8,70.63,10.15,10.8,7.94,8.9
381,2015-12-16,qa_pair14,8.8,67.89,10.78,11.7,6.85,9.0
382,2015-12-16,qa_pair15,9.5,60.65,10.73,12.2,8.24,9.5
383,2015-12-16,qa_pair16,9.7,60.14,11.91,12.6,9.92,11.1
384,2015-12-16,qa_pair17,7.4,77.06,10.4,10.4,7.14,8.8
385,2016-03-16,opening_remark,13.9,38.45,13.01,16.1,12.83,15.4
386,2016-03-16,qa_pair1,13.8,49.49,15.46,15.2,9.59,15.6
387,2016-03-16,qa_pair2,11.1,61.9,13.29,13.6,8.25,12.8
388,2016-03-16,qa_pair3,12.7,52.33,15.75,15.0,9.06,13.9
389,2016-03-16,qa_pair4,9.7,60.24,11.99,11.9,9.75,11.0
390,2016-03-16,qa_pair5,6.7,73.47,8.91,9.7,7.53,7.4
391,2016-03-16,qa_pair6,10.8,68.03,13.44,11.7,7.2,13.2
392,2016-03-16,qa_pair7,7.8,70.53,10.16,11.3,8.35,9.2
393,2016-03-16,qa_pair8,8.4,69.01,10.12,10.6,8.12,9.6
394,2016-03-16,qa_pair9,10.2,58.82,11.29,12.9,9.81,11.7
395,2016-03-16,qa_pair10,9.3,66.67,11.76,12.5,9.52,11.8
396,2016-03-16,qa_pair11,11.1,61.9,13.84,12.8,7.2,12.2
397,2016-03-16,qa_pair12,10.4,63.83,12.54,12.5,8.59,12.2
398,2016-03-16,qa_pair13,13.1,51.31,14.44,14.2,9.75,15.1
399,2016-03-16,qa_pair14,12.2,53.65,14.55,14.9,9.81,13.9
400,2016-06-15,opening_remark,12.2,48.33,12.49,15.3,12.54,14.5
401,2016-06-15,qa_pair1,8.9,67.59,11.39,12.4,7.89,9.9
402,2016-06-15,qa_pair2,16.1,49.01,18.31,14.5,8.25,18.9
403,2016-06-15,qa_pair3,10.9,62.41,13.3,12.7,7.84,12.2
404,2016-06-15,qa_pair4,12.8,57.44,14.58,12.9,7.73,14.4
405,2016-06-15,qa_pair5,9.1,72.6,11.77,11.2,7.67,11.4
406,2016-06-15,qa_pair6,9.2,72.29,11.96,11.6,6.27,10.3
407,2016-06-15,qa_pair7,14.0,54.29,16.67,13.5,8.19,16.2
408,2016-06-15,qa_pair8,10.4,58.32,11.62,14.3,9.81,12.1
409,2016-06-15,qa_pair9,10.8,57.3,12.39,12.5,10.28,12.4
410,2016-06-15,qa_pair10,10.4,58.42,13.72,13.6,8.76,10.9
411,2016-06-15,qa_pair11,14.3,53.68,17.08,15.2,8.95,17.1
412,2016-06-15,qa_pair12,10.9,62.51,13.86,13.6,8.42,12.7
413,2016-06-15,qa_pair13,11.3,61.29,13.32,12.7,8.48,13.3
414,2016-06-15,qa_pair14,9.0,61.97,10.4,11.9,9.1,10.0
415,2016-09-21,opening_remark,11.8,49.35,11.71,14.3,11.14,13.1
416,2016-09-21,qa_pair1,9.8,65.25,12.17,12.5,9.35,12.0
417,2016-09-21,qa_pair2,10.1,59.03,12.01,12.5,8.88,10.8
418,2016-09-21,qa_pair3,8.9,67.69,11.55,11.9,8.76,10.6
419,2016-09-21,qa_pair4,13.1,51.31,15.2,14.9,9.29,14.6
420,2016-09-21,qa_pair5,11.6,55.27,12.95,13.4,9.46,12.9
421,2016-09-21,qa_pair6,9.4,66.27,11.43,12.4,8.18,10.8
422,2016-09-21,qa_pair7,12.9,57.23,15.2,13.7,8.31,14.9
423,2016-09-21,qa_pair8,14.0,54.39,16.12,14.2,7.67,15.6
424,2016-09-21,qa_pair9,10.1,59.13,11.76,12.2,9.11,11.0
425,2016-09-21,qa_pair10,14.0,43.66,15.08,14.3,10.51,15.1
426,2016-09-21,qa_pair11,8.5,68.7,11.47,12.7,6.27,8.4
427,2016-09-21,qa_pair12,11.8,59.98,13.93,13.3,8.54,14.0
428,2016-09-21,qa_pair13,9.9,65.15,11.63,11.5,8.19,11.0
429,2016-09-21,qa_pair14,11.4,61.09,13.66,12.9,9.06,13.8
430,2016-09-21,qa_pair15,9.6,60.35,10.22,11.9,8.59,10.0
431,2016-09-21,qa_pair16,12.2,53.65,13.7,13.0,9.7,13.9
432,2016-09-21,qa_pair17,7.1,72.36,9.25,10.0,8.35,8.3
433,2016-12-14,opening_remark,11.5,50.16,11.64,14.4,10.97,12.6
434,2016-12-14,qa_pair1,10.5,63.43,13.64,13.6,8.71,12.5
435,2016-12-14,qa_pair2,12.1,53.95,12.88,14.1,9.64,13.6
436,2016-12-14,qa_pair3,9.0,67.28,11.29,12.4,8.47,10.6
437,2016-12-14,qa_pair4,9.2,61.36,10.82,12.5,9.81,10.4
438,2016-12-14,qa_pair5,11.0,56.89,13.01,13.1,9.0,11.7
439,2016-12-14,qa_pair6,13.0,51.62,14.44,14.1,9.41,14.6
440,2016-12-14,qa_pair7,10.1,53.81,12.06,13.4,9.8,10.1
441,2016-12-14,qa_pair8,7.8,70.53,10.94,11.8,8.58,9.4
442,2016-12-14,qa_pair9,10.6,63.22,12.9,13.2,9.35,13.0
443,2016-12-14,qa_pair10,12.0,54.15,13.64,12.9,10.33,14.0
444,2016-12-14,qa_pair11,10.4,63.63,12.87,12.0,7.96,11.9
445,2016-12-14,qa_pair12,7.6,76.45,10.7,11.4,5.17,7.7
446,2016-12-14,qa_pair13,9.8,59.84,11.15,12.5,9.28,11.1
447,2016-12-14,qa_pair14,8.8,67.79,10.91,11.9,9.81,11.4
448,2016-12-14,qa_pair15,9.4,66.27,11.4,11.9,7.49,10.2
449,2016-12-14,qa_pair16,11.0,51.38,11.78,13.8,10.97,12.2
450,2016-12-14,qa_pair17,11.3,56.08,12.92,13.8,9.46,12.5
451,2017-03-15,opening_remark,11.4,50.26,11.88,14.4,11.49,13.0
452,2017-03-15,qa_pair1,8.1,75.24,11.2,11.3,7.14,9.7
453,2017-03-15,qa_pair2,8.8,67.99,11.29,12.3,8.07,10.1
454,2017-03-15,qa_pair3,10.3,63.93,13.02,13.5,8.48,12.1
455,2017-03-15,qa_pair4,7.3,71.85,10.1,10.6,6.84,7.5
456,2017-03-15,qa_pair5,9.2,66.98,11.38,11.4,8.07,10.4
457,2017-03-15,qa_pair6,15.6,44.71,16.88,15.6,9.41,17.6
458,2017-03-15,qa_pair7,11.1,51.18,12.0,13.4,11.26,12.5
459,2017-03-15,qa_pair8,7.7,76.25,10.27,10.2,7.66,9.7
460,2017-03-15,qa_pair9,9.5,66.07,11.88,11.7,9.57,12.1
461,2017-03-15,qa_pair10,8.3,69.21,10.21,11.2,8.82,9.8
462,2017-03-15,qa_pair11,6.9,78.18,9.53,10.3,7.31,8.7
463,2017-03-15,qa_pair12,8.8,62.58,11.37,12.5,10.26,10.6
464,2017-03-15,qa_pair13,7.1,66.94,9.03,10.2,8.34,7.3
465,2017-03-15,qa_pair14,9.2,66.88,10.45,11.2,7.14,9.9
466,2017-03-15,qa_pair15,8.0,69.92,10.69,11.5,8.24,9.3
467,2017-03-15,qa_pair16,8.6,62.98,9.48,11.4,8.93,9.2
468,2017-03-15,qa_pair17,8.1,64.3,10.18,11.7,9.56,9.5
469,2017-06-14,opening_remark,13.0,46.1,13.17,15.1,11.55,14.8
470,2017-06-14,qa_pair1,11.5,60.99,13.95,12.6,8.83,13.7
471,2017-06-14,qa_pair2,8.5,68.7,10.58,11.0,6.56,8.5
472,2017-06-14,qa_pair3,11.0,56.89,12.34,13.2,9.12,11.8
473,2017-06-14,qa_pair4,9.9,64.95,12.71,13.3,8.42,11.6
474,2017-06-14,qa_pair5,11.5,55.47,14.43,14.7,11.61,14.5
475,2017-06-14,qa_pair6,8.2,64.1,9.93,12.0,9.34,8.9
476,2017-06-14,qa_pair7,11.4,55.78,12.88,13.5,9.29,12.6
477,2017-06-14,qa_pair8,11.1,56.49,12.52,13.3,8.48,11.4
478,2017-06-14,qa_pair9,9.4,66.27,11.11,12.0,7.72,10.4
479,2017-06-14,qa_pair10,12.5,58.25,14.86,12.7,8.72,14.7
480,2017-06-14,qa_pair11,10.5,58.01,12.34,13.2,9.28,11.7
481,2017-06-14,qa_pair12,9.2,66.88,11.79,11.9,8.3,10.7
482,2017-06-14,qa_pair13,11.5,55.37,12.98,13.1,9.06,12.6
483,2017-06-14,qa_pair14,8.6,73.71,11.22,10.4,7.2,10.4
484,2017-06-14,qa_pair15,11.6,60.58,14.12,12.6,10.16,14.9
485,2017-09-20,opening_remark,11.7,49.55,12.37,14.7,12.07,13.8
486,2017-09-20,qa_pair1,14.1,48.67,15.99,15.3,9.88,16.1
487,2017-09-20,qa_pair2,11.6,55.17,13.39,13.5,10.28,13.7
488,2017-09-20,qa_pair3,15.2,51.14,17.82,15.5,8.19,17.7
489,2017-09-20,qa_pair4,12.2,59.06,14.58,14.2,8.72,14.2
490,2017-09-20,qa_pair5,9.9,64.95,11.77,13.3,9.06,12.0
491,2017-09-20,qa_pair6,12.3,58.86,14.18,12.5,8.31,14.1
492,2017-09-20,qa_pair7,6.3,79.7,8.79,9.2,5.22,6.3
493,2017-09-20,qa_pair8,13.3,50.91,15.03,14.4,10.63,15.7
494,2017-09-20,qa_pair9,8.0,70.02,10.07,10.7,7.71,8.8
495,2017-09-20,qa_pair10,10.3,63.93,12.96,12.4,8.48,12.0
496,2017-09-20,qa_pair11,9.4,60.85,11.56,12.3,9.57,10.3
497,2017-09-20,qa_pair12,17.2,46.17,19.63,15.7,8.84,20.5
498,2017-09-20,qa_pair13,12.1,53.85,13.76,14.1,10.45,14.4
499,2017-09-20,qa_pair14,12.9,57.23,14.79,13.5,8.37,15.0
500,2017-12-13,opening_remark,12.1,48.43,12.58,14.3,10.45,12.8
501,2017-12-13,qa_pair1,16.6,47.49,19.97,16.1,9.24,20.1
502,2017-12-13,qa_pair2,9.5,60.75,11.52,12.3,8.82,9.8
503,2017-12-13,qa_pair3,12.9,51.92,15.01,14.9,9.81,14.8
504,2017-12-13,qa_pair4,10.9,62.41,12.92,12.2,8.48,12.6
505,2017-12-13,qa_pair5,12.8,52.02,14.7,13.7,8.88,14.1
506,2017-12-13,qa_pair6,15.3,50.94,18.37,14.2,7.61,17.5
507,2017-12-13,qa_pair7,10.8,62.72,12.7,12.0,7.43,11.8
508,2017-12-13,qa_pair8,10.1,64.64,13.18,12.7,8.94,12.2
509,2017-12-13,qa_pair9,10.7,57.71,12.21,12.9,9.11,11.8
510,2017-12-13,qa_pair10,10.2,58.82,11.99,12.9,8.24,10.2
511,2017-12-13,qa_pair11,11.3,61.4,14.35,13.1,8.01,12.9
512,2017-12-13,qa_pair12,10.3,63.93,13.33,13.0,8.13,11.8
513,2017-12-13,qa_pair13,12.4,58.45,15.13,13.5,9.41,15.1
514,2017-12-13,qa_pair14,7.7,76.15,10.06,10.5,6.21,8.7
515,2017-12-13,qa_pair15,8.4,68.91,10.69,11.8,7.95,9.4
516,2017-12-13,qa_pair16,7.0,77.87,10.42,10.8,5.57,7.3
517,2017-12-13,qa_pair17,12.7,52.43,13.68,13.9,9.06,14.0
518,2017-12-13,qa_pair18,9.5,65.96,11.82,12.3,8.12,11.0
519,2018-03-21,opening_remark,10.6,52.49,10.71,13.4,11.08,11.7
520,2018-03-21,qa_pair1,8.5,68.6,9.85,10.6,7.95,9.9
521,2018-03-21,qa_pair2,7.7,70.73,9.62,10.7,6.67,7.9
522,2018-03-21,qa_pair3,7.4,71.55,9.65,11.6,7.65,8.2
523,2018-03-21,qa_pair4,10.5,58.21,12.2,13.3,7.78,10.5
524,2018-03-21,qa_pair5,7.1,72.26,9.68,11.0,7.83,8.1
525,2018-03-21,qa_pair6,10.9,62.51,13.69,12.9,9.0,13.3
526,2018-03-21,qa_pair7,9.5,66.07,11.98,11.7,9.34,12.0
527,2018-03-21,qa_pair8,8.1,69.62,10.73,12.1,8.88,10.1
528,2018-03-21,qa_pair9,7.7,76.05,10.29,10.3,6.91,9.3
529,2018-03-21,qa_pair10,9.8,60.04,10.84,12.4,9.23,10.9
530,2018-03-21,qa_pair11,8.1,69.62,10.64,11.1,7.43,9.0
531,2018-03-21,qa_pair12,11.2,61.6,12.83,12.4,8.36,13.2
532,2018-03-21,qa_pair13,9.2,66.78,10.48,10.6,7.2,9.9
533,2018-03-21,qa_pair14,8.3,63.9,9.5,11.6,9.34,9.3
534,2018-03-21,qa_pair15,8.9,67.69,10.27,10.3,7.43,9.9
535,2018-03-21,qa_pair16,9.4,66.47,11.23,11.4,8.07,10.9
536,2018-03-21,qa_pair17,8.5,68.6,10.29,10.9,8.18,10.0
537,2018-03-21,qa_pair18,10.3,64.04,12.93,0.0,6.33,10.8
538,2018-03-21,qa_pair19,7.8,70.63,9.45,10.5,6.9,8.2
539,2018-03-21,qa_pair20,7.7,76.25,10.24,10.4,6.56,9.1
540,2018-03-21,qa_pair21,11.2,61.6,13.59,12.6,6.74,12.0
541,2018-06-13,opening_remark,9.9,59.74,10.63,13.3,10.27,11.5
542,2018-06-13,qa_pair1,10.5,58.21,11.27,12.8,10.1,12.3
543,2018-06-13,qa_pair2,7.1,72.36,9.23,10.7,7.77,7.9
544,2018-06-13,qa_pair3,8.8,67.99,10.42,11.1,8.24,10.2
545,2018-06-13,qa_pair4,6.5,73.78,9.07,10.3,8.52,8.1
546,2018-06-13,qa_pair5,5.9,80.92,8.02,9.3,6.73,7.4
547,2018-06-13,qa_pair6,10.2,58.92,10.72,12.3,8.88,10.9
548,2018-06-13,qa_pair7,6.3,79.8,8.93,10.1,6.96,7.7
549,2018-06-13,qa_pair8,8.4,68.91,10.5,10.8,7.49,9.2
550,2018-06-13,qa_pair9,8.1,69.72,9.88,11.7,8.07,9.3
551,2018-06-13,qa_pair10,8.1,69.72,9.53,10.0,7.49,8.9
552,2018-06-13,qa_pair11,10.8,57.4,11.58,12.9,9.11,12.1
553,2018-06-13,qa_pair12,7.2,72.16,9.08,10.5,7.83,8.3
554,2018-06-13,qa_pair13,8.4,63.7,9.25,11.7,9.05,9.2
555,2018-06-13,qa_pair14,8.0,70.02,10.6,11.5,8.58,9.8
556,2018-06-13,qa_pair15,7.0,78.08,9.56,10.8,6.62,8.2
557,2018-06-13,qa_pair16,7.7,70.84,9.7,10.7,6.78,8.0
558,2018-06-13,qa_pair17,6.7,73.27,8.65,10.5,7.94,7.9
559,2018-06-13,qa_pair18,7.5,71.24,9.72,10.8,7.36,8.3
560,2018-06-13,qa_pair19,5.8,81.02,8.98,10.1,7.36,7.6
561,2018-06-13,qa_pair20,7.2,66.74,7.63,9.9,8.74,8.1
562,2018-06-13,qa_pair21,10.8,62.82,13.11,12.2,7.32,11.7
563,2018-06-13,qa_pair22,7.3,71.75,9.49,10.7,8.23,8.7
564,2018-09-26,opening_remark,9.9,59.74,10.78,13.0,9.75,11.1
565,2018-09-26,qa_pair1,7.9,75.54,10.3,10.5,7.08,9.5
566,2018-09-26,qa_pair2,8.3,69.11,11.04,11.6,7.78,9.2
567,2018-09-26,qa_pair3,9.3,71.99,11.65,10.8,7.38,11.5
568,2018-09-26,qa_pair4,8.1,69.82,9.21,10.3,7.78,9.2
569,2018-09-26,qa_pair5,10.8,57.3,11.74,12.9,9.35,12.0
570,2018-09-26,qa_pair6,8.5,68.81,10.49,10.4,8.01,9.6
571,2018-09-26,qa_pair7,7.9,70.23,10.04,11.2,8.29,9.8
572,2018-09-26,qa_pair8,6.5,79.19,9.5,10.4,6.9,8.2
573,2018-09-26,qa_pair9,7.8,70.53,9.53,10.7,7.6,8.8
574,2018-09-26,qa_pair10,8.8,67.89,10.06,10.0,7.25,9.8
575,2018-09-26,qa_pair11,8.6,68.4,10.59,11.9,8.94,10.8
576,2018-09-26,qa_pair12,11.6,60.58,14.39,12.8,8.54,14.0
577,2018-09-26,qa_pair13,9.1,67.18,10.5,11.9,8.01,10.6
578,2018-09-26,qa_pair14,7.1,77.67,9.55,10.7,7.78,9.4
579,2018-09-26,qa_pair15,8.5,68.6,10.26,11.2,8.82,10.4
580,2018-09-26,qa_pair16,11.5,60.89,13.79,12.2,7.78,13.2
581,2018-09-26,qa_pair17,9.0,67.49,11.31,11.8,9.46,11.7
582,2018-09-26,qa_pair18,8.7,68.1,10.63,11.0,7.54,9.7
583,2018-09-26,qa_pair19,7.1,77.77,9.65,10.0,6.15,7.7
584,2018-09-26,qa_pair20,6.1,80.21,8.31,9.7,6.38,7.2
585,2018-09-26,qa_pair21,7.8,70.43,9.93,11.5,7.6,9.0
586,2018-09-26,qa_pair22,9.0,62.07,9.78,11.1,9.34,10.4
587,2018-09-26,qa_pair23,9.4,60.85,11.79,12.9,9.57,10.6
588,2018-09-26,qa_pair24,6.7,73.47,7.92,8.7,8.4,8.4
589,2018-12-19,opening_remark,11.0,56.79,11.8,14.0,9.99,12.4
590,2018-12-19,qa_pair1,7.8,70.43,10.57,11.0,8.81,9.7
591,2018-12-19,qa_pair2,10.6,63.32,13.66,13.0,7.2,11.2
592,2018-12-19,qa_pair3,8.7,68.2,11.32,11.5,8.82,10.5
593,2018-12-19,qa_pair4,7.8,70.43,10.41,11.4,8.0,9.0
594,2018-12-19,qa_pair5,7.5,71.24,9.75,11.6,7.65,8.4
595,2018-12-19,qa_pair6,5.2,82.75,7.86,8.8,6.26,6.2
596,2018-12-19,qa_pair7,9.0,72.8,11.59,10.8,6.56,10.4
597,2018-12-19,qa_pair8,8.1,69.62,10.46,10.7,8.82,10.0
598,2018-12-19,qa_pair9,8.3,69.31,11.27,11.4,8.24,9.8
599,2018-12-19,qa_pair10,11.2,56.39,12.12,12.0,8.36,11.6
600,2018-12-19,qa_pair11,4.7,84.07,7.04,8.8,6.25,5.8
601,2018-12-19,qa_pair12,8.3,69.21,9.45,9.8,7.72,9.4
602,2018-12-19,qa_pair13,7.0,72.56,9.16,11.5,8.35,8.3
603,2018-12-19,qa_pair14,8.4,69.01,10.33,11.5,7.66,9.1
604,2018-12-19,qa_pair15,9.6,65.76,11.61,11.8,8.42,11.2
605,2018-12-19,qa_pair16,8.1,69.72,9.88,10.1,7.49,9.0
606,2018-12-19,qa_pair17,12.4,53.14,14.1,14.1,9.64,14.1
607,2018-12-19,qa_pair18,7.7,76.25,10.61,11.1,7.2,9.6
608,2018-12-19,qa_pair19,6.9,72.87,9.4,10.1,6.78,7.2
609,2018-12-19,qa_pair20,6.5,73.88,8.84,10.1,7.71,7.5
610,2019-01-30,opening_remark,12.2,48.23,12.86,14.8,12.54,14.6
611,2019-01-30,qa_pair1,8.0,64.51,9.76,12.2,7.82,7.9
612,2019-01-30,qa_pair2,9.5,65.96,12.0,11.2,7.89,10.9
613,2019-01-30,qa_pair3,10.4,58.32,12.28,12.7,8.47,10.9
614,2019-01-30,qa_pair4,7.7,76.25,9.98,10.5,6.73,9.2
615,2019-01-30,qa_pair5,7.3,77.27,10.2,11.1,7.02,9.0
616,2019-01-30,qa_pair6,11.7,60.48,13.91,12.0,8.54,13.8
617,2019-01-30,qa_pair7,8.0,69.92,10.03,11.2,7.89,9.1
618,2019-01-30,qa_pair8,9.5,66.17,11.15,12.0,6.79,10.1
619,2019-01-30,qa_pair9,9.8,65.35,12.76,12.2,8.42,11.5
620,2019-01-30,qa_pair10,5.7,81.33,7.87,8.6,6.43,6.8
621,2019-01-30,qa_pair11,6.7,78.79,9.37,9.4,6.96,8.3
622,2019-01-30,qa_pair12,8.7,68.3,9.67,10.3,8.18,10.0
623,2019-01-30,qa_pair13,8.2,74.83,10.52,9.9,8.18,10.8
624,2019-01-30,qa_pair14,6.5,73.88,8.38,10.5,7.24,7.1
625,2019-01-30,qa_pair15,6.3,74.49,9.38,10.0,6.37,6.2
626,2019-01-30,qa_pair16,9.4,66.47,11.29,10.6,7.6,10.2
627,2019-01-30,qa_pair17,9.9,59.53,11.02,12.2,11.02,12.7
628,2019-01-30,qa_pair18,9.1,67.08,11.11,11.2,7.25,9.9
629,2019-01-30,qa_pair19,5.2,82.65,7.71,9.0,5.68,5.6
630,2019-01-30,qa_pair20,8.4,68.91,10.29,11.3,7.31,8.9
631,2019-01-30,qa_pair21,8.8,67.89,10.56,11.0,7.37,9.5
632,2019-01-30,qa_pair22,10.7,52.09,12.06,13.9,10.68,12.0
633,2019-01-30,qa_pair23,10.0,70.16,12.86,11.8,7.84,12.5
634,2019-03-20,opening_remark,9.9,59.64,11.08,13.0,11.02,12.1
635,2019-03-20,qa_pair1,8.1,69.82,10.81,11.9,8.07,9.1
636,2019-03-20,qa_pair2,7.7,70.84,9.79,10.9,7.48,8.5
637,2019-03-20,qa_pair3,9.5,66.17,12.16,12.0,8.94,11.7
638,2019-03-20,qa_pair4,6.0,75.2,8.16,10.1,6.19,5.9
639,2019-03-20,qa_pair5,8.1,69.62,10.16,11.0,7.54,8.9
640,2019-03-20,qa_pair6,5.2,82.75,7.39,8.3,6.14,5.8
641,2019-03-20,qa_pair7,8.6,68.4,10.59,11.3,8.07,9.9
642,2019-03-20,qa_pair8,7.9,70.23,9.7,11.1,7.65,8.9
643,2019-03-20,qa_pair9,10.8,57.4,11.55,13.1,8.7,11.5
644,2019-03-20,qa_pair10,9.5,71.58,11.92,10.7,5.87,10.4
645,2019-03-20,qa_pair11,10.7,68.44,13.67,11.2,6.62,12.5
646,2019-03-20,qa_pair12,8.8,67.99,9.39,10.4,7.25,9.4
647,2019-03-20,qa_pair13,9.3,66.57,10.31,10.7,7.89,10.8
648,2019-03-20,qa_pair14,7.9,75.74,10.67,10.0,7.31,9.8
649,2019-03-20,qa_pair15,12.3,58.76,15.06,13.8,9.93,15.6
650,2019-03-20,qa_pair16,7.4,71.44,9.21,10.5,8.06,8.8
651,2019-03-20,qa_pair17,11.4,55.78,13.79,14.0,10.51,13.6
652,2019-03-20,qa_pair18,9.5,66.17,11.75,12.2,5.69,9.1
653,2019-03-20,qa_pair19,9.2,66.98,11.56,12.3,7.37,10.2
654,2019-03-20,qa_pair20,6.5,79.4,9.2,9.5,5.39,6.8
655,2019-03-20,qa_pair21,9.7,71.07,12.05,9.9,6.45,11.3
656,2019-05-01,opening_remark,11.5,50.16,11.94,14.1,11.37,13.0
657,2019-05-01,qa_pair1,10.0,64.75,11.46,11.7,8.25,11.5
658,2019-05-01,qa_pair2,8.4,69.01,11.31,12.3,7.95,9.4
659,2019-05-01,qa_pair3,9.6,65.86,11.31,12.8,8.07,10.9
660,2019-05-01,qa_pair4,11.0,56.69,12.0,13.3,9.99,12.6
661,2019-05-01,qa_pair5,10.6,63.22,12.58,12.5,8.59,12.5
662,2019-05-01,qa_pair6,9.4,66.27,10.84,10.7,8.01,10.8
663,2019-05-01,qa_pair7,5.3,82.34,7.82,9.2,4.52,5.1
664,2019-05-01,qa_pair8,7.0,77.87,8.91,8.2,6.27,8.1
665,2019-05-01,qa_pair9,6.2,74.69,8.11,10.3,6.02,5.7
666,2019-05-01,qa_pair10,9.2,66.78,11.6,12.2,7.72,10.4
667,2019-05-01,qa_pair11,13.5,50.4,14.64,13.7,10.05,15.6
668,2019-05-01,qa_pair12,6.6,73.68,8.32,10.0,7.53,7.3
669,2019-05-01,qa_pair13,7.4,71.55,9.25,10.6,8.58,9.1
670,2019-05-01,qa_pair14,8.1,75.24,10.31,10.7,6.85,9.8
671,2019-05-01,qa_pair15,5.6,76.32,7.28,9.5,6.71,5.9
672,2019-05-01,qa_pair16,6.8,78.38,9.06,9.4,5.34,7.0
673,2019-05-01,qa_pair17,7.6,70.94,10.23,11.6,6.2,7.2
674,2019-05-01,qa_pair18,10.0,59.33,12.42,13.2,9.57,11.2
675,2019-05-01,qa_pair19,8.7,62.78,9.38,11.0,7.6,8.4
676,2019-06-19,opening_remark,11.2,50.87,11.56,13.8,12.59,13.6
677,2019-06-19,qa_pair1,7.1,77.67,9.77,10.0,7.43,8.9
678,2019-06-19,qa_pair2,7.3,71.85,9.36,9.9,7.71,8.2
679,2019-06-19,qa_pair3,5.9,86.33,9.62,8.8,5.22,6.8
680,2019-06-19,qa_pair4,8.4,74.22,10.44,9.1,6.39,9.5
681,2019-06-19,qa_pair5,6.2,85.52,8.83,7.6,5.86,7.7
682,2019-06-19,qa_pair6,7.9,70.23,9.39,10.6,7.6,8.8
683,2019-06-19,qa_pair7,6.8,78.48,8.92,9.7,5.97,7.8
684,2019-06-19,qa_pair8,11.3,61.29,13.56,11.9,7.26,12.4
685,2019-06-19,qa_pair9,8.9,62.17,11.41,12.2,10.5,11.2
686,2019-06-19,qa_pair10,6.7,78.69,8.88,8.6,6.38,7.9
687,2019-06-19,qa_pair11,7.0,72.66,8.2,9.2,7.83,7.9
688,2019-06-19,qa_pair12,10.5,63.43,13.23,13.4,8.65,12.4
689,2019-06-19,qa_pair13,7.6,71.14,9.62,10.8,7.6,8.5
690,2019-06-19,qa_pair14,12.2,48.33,14.38,14.6,10.22,13.1
691,2019-06-19,qa_pair15,9.2,61.56,11.0,12.1,10.21,11.2
692,2019-06-19,qa_pair16,7.8,70.53,9.75,11.0,7.36,8.8
693,2019-06-19,qa_pair17,9.1,67.08,10.79,11.3,7.31,10.0
694,2019-06-19,qa_pair18,8.7,73.61,11.21,10.6,7.43,10.9
695,2019-06-19,qa_pair19,8.3,69.21,9.38,10.3,8.65,9.9
696,2019-07-31,opening_remark,11.7,49.65,12.18,14.1,11.43,13.2
697,2019-07-31,qa_pair1,12.0,59.67,14.02,12.7,7.26,13.1
698,2019-07-31,qa_pair2,9.0,67.49,11.76,12.5,8.59,10.8
699,2019-07-31,qa_pair3,8.8,67.99,11.41,11.7,7.66,10.1
700,2019-07-31,qa_pair4,8.0,70.02,9.98,10.6,6.38,7.9
701,2019-07-31,qa_pair5,7.7,76.25,10.41,10.7,6.21,8.7
702,2019-07-31,qa_pair6,5.9,80.82,8.1,8.8,6.44,6.9
703,2019-07-31,qa_pair7,5.6,81.73,7.98,9.2,5.79,6.4
704,2019-07-31,qa_pair8,11.0,62.21,13.42,12.7,7.38,12.2
705,2019-07-31,qa_pair9,10.3,64.14,11.42,12.0,8.01,11.8
706,2019-07-31,qa_pair10,7.7,70.73,9.43,10.1,6.32,7.7
707,2019-07-31,qa_pair11,7.9,70.23,9.53,10.3,6.49,8.1
708,2019-07-31,qa_pair12,7.4,71.55,9.19,10.2,7.65,8.2
709,2019-07-31,qa_pair13,8.0,70.13,9.36,10.5,7.6,9.0
710,2019-07-31,qa_pair14,6.9,78.18,9.68,9.6,6.27,8.1
711,2019-07-31,qa_pair15,7.8,70.43,9.72,10.4,7.94,9.3
712,2019-07-31,qa_pair16,8.0,70.13,9.94,10.6,7.65,9.0
713,2019-07-31,qa_pair17,5.9,80.82,8.73,9.9,7.71,8.1
714,2019-07-31,qa_pair18,6.4,79.6,8.64,8.7,6.15,7.6
715,2019-07-31,qa_pair19,8.4,69.01,9.73,10.7,7.49,9.3
716,2019-07-31,qa_pair20,8.3,69.21,10.21,10.7,9.98,11.0
717,2019-07-31,qa_pair21,7.7,65.32,9.12,10.9,8.63,8.5
718,2019-09-18,opening_remark,11.0,51.38,11.27,13.8,11.43,12.4
719,2019-09-18,qa_pair1,10.3,58.62,13.42,13.3,9.92,12.0
720,2019-09-18,qa_pair2,7.8,70.63,9.72,10.9,7.19,8.4
721,2019-09-18,qa_pair3,11.1,61.8,13.0,12.6,7.9,12.6
722,2019-09-18,qa_pair4,8.0,70.02,9.79,10.7,7.25,8.6
723,2019-09-18,qa_pair5,8.8,67.99,11.61,12.1,8.24,10.2
724,2019-09-18,qa_pair6,10.0,64.85,11.78,11.5,8.19,11.5
725,2019-09-18,qa_pair7,7.9,75.54,10.82,10.6,7.14,9.7
726,2019-09-18,qa_pair8,10.7,62.92,11.77,11.2,7.49,11.7
727,2019-09-18,qa_pair9,9.2,61.56,10.62,11.9,8.58,9.8
728,2019-09-18,qa_pair10,8.3,69.31,10.25,11.2,7.78,9.3
729,2019-09-18,qa_pair11,9.4,66.47,11.61,12.3,7.95,10.5
730,2019-09-18,qa_pair12,7.7,70.73,9.25,11.3,7.36,8.7
731,2019-09-18,qa_pair13,8.4,68.91,10.71,11.7,7.72,9.4
732,2019-09-18,qa_pair14,7.7,76.05,10.78,11.4,7.25,9.7
733,2019-09-18,qa_pair15,7.9,70.23,10.27,10.9,6.44,8.0
734,2019-09-18,qa_pair16,8.9,67.59,10.64,11.7,8.76,10.9
735,2019-09-18,qa_pair17,10.6,63.12,12.6,13.4,7.84,12.0
736,2019-09-18,qa_pair18,8.8,62.58,11.52,11.9,8.7,9.2
737,2019-09-18,qa_pair19,6.8,78.38,8.75,9.2,6.04,7.7
738,2019-09-18,qa_pair20,7.2,72.05,9.09,10.4,7.36,7.9
739,2019-10-30,opening_remark,11.6,49.86,11.81,14.0,11.14,12.8
740,2019-10-30,qa_pair1,11.3,55.98,12.58,12.9,8.83,12.1
741,2019-10-30,qa_pair2,9.0,67.38,10.75,11.5,7.95,10.3
742,2019-10-30,qa_pair3,7.7,70.84,9.24,11.0,7.83,8.6
743,2019-10-30,qa_pair4,9.2,66.98,11.08,12.0,7.43,10.3
744,2019-10-30,qa_pair5,7.5,71.34,8.89,10.8,7.36,8.2
745,2019-10-30,qa_pair6,8.2,69.41,10.4,11.8,8.3,9.7
746,2019-10-30,qa_pair7,7.2,77.57,10.01,10.2,7.43,9.1
747,2019-10-30,qa_pair8,10.0,64.75,11.7,11.4,6.97,10.4
748,2019-10-30,qa_pair9,7.8,70.43,9.59,10.8,8.12,9.4
749,2019-10-30,qa_pair10,8.9,62.38,10.08,11.4,8.99,9.9
750,2019-10-30,qa_pair11,10.1,64.64,12.78,12.2,8.83,12.2
751,2019-10-30,qa_pair12,5.5,81.83,7.12,7.4,6.49,6.6
752,2019-10-30,qa_pair13,9.5,66.17,11.37,10.6,7.72,10.5
753,2019-10-30,qa_pair14,7.6,71.04,9.27,11.2,7.89,9.0
754,2019-10-30,qa_pair15,11.4,61.09,13.48,12.2,7.55,13.0
755,2019-10-30,qa_pair16,6.2,80.11,7.7,8.6,6.44,7.1
756,2019-10-30,qa_pair17,6.8,78.48,9.97,10.7,6.44,8.1
757,2019-10-30,qa_pair18,8.4,63.7,9.0,11.2,8.64,8.8
758,2019-10-30,qa_pair19,7.3,71.85,8.75,10.4,6.49,7.3
759,2019-10-30,qa_pair20,9.9,59.74,10.33,12.3,8.88,10.7
760,2019-10-30,qa_pair21,13.5,55.61,15.39,12.5,7.79,15.6
761,2019-10-30,qa_pair22,7.9,64.91,9.16,10.4,9.62,9.6
762,2019-12-11,opening_remark,11.3,50.57,11.95,14.4,11.72,13.0
763,2019-12-11,qa_pair1,8.2,69.41,9.53,11.1,7.6,9.1
764,2019-12-11,qa_pair2,9.0,72.9,12.03,12.1,6.45,10.4
765,2019-12-11,qa_pair3,9.6,65.76,11.32,11.7,7.9,10.8
766,2019-12-11,qa_pair4,7.9,70.33,10.11,11.7,7.42,8.6
767,2019-12-11,qa_pair5,12.0,59.67,13.56,13.0,7.49,13.6
768,2019-12-11,qa_pair6,9.1,67.18,10.83,11.4,7.31,9.9
769,2019-12-11,qa_pair7,13.1,51.31,13.86,13.5,8.88,14.5
770,2019-12-11,qa_pair8,11.6,60.58,13.15,12.7,8.59,13.9
771,2019-12-11,qa_pair9,12.2,59.06,14.44,13.7,9.3,15.1
772,2019-12-11,qa_pair10,8.8,73.31,11.46,10.8,8.19,11.7
773,2019-12-11,qa_pair11,8.0,70.02,9.79,10.5,7.31,8.7
774,2019-12-11,qa_pair12,7.6,76.45,10.37,10.6,6.09,8.7
775,2019-12-11,qa_pair13,8.9,67.59,10.75,11.2,6.96,9.5
776,2019-12-11,qa_pair14,7.8,59.7,11.54,11.6,13.03,11.1
777,2019-12-11,qa_pair15,7.9,75.74,10.79,10.9,5.8,8.7
778,2019-12-11,qa_pair16,6.3,79.7,8.59,10.0,5.86,7.0
779,2019-12-11,qa_pair17,6.7,78.69,8.53,9.3,4.64,6.7
780,2019-12-11,qa_pair18,5.7,81.33,7.56,9.1,6.6,7.2
781,2019-12-11,qa_pair19,7.6,76.56,10.33,11.2,7.02,9.3
782,2019-12-11,qa_pair20,6.8,78.38,8.83,8.8,6.73,8.6
783,2020-01-29,opening_remark,12.3,48.03,13.35,14.8,12.13,14.3
784,2020-01-29,qa_pair1,16.9,35.95,17.43,17.2,11.15,19.3
785,2020-01-29,qa_pair2,10.2,58.82,10.81,11.8,9.28,11.3
786,2020-01-29,qa_pair3,8.9,67.69,10.38,10.3,7.43,9.8
787,2020-01-29,qa_pair4,8.0,69.92,9.97,10.7,8.36,9.3
788,2020-01-29,qa_pair5,11.6,60.58,14.26,13.0,8.65,13.8
789,2020-01-29,qa_pair6,9.0,67.28,11.02,11.3,8.94,11.1
790,2020-01-29,qa_pair7,6.3,79.9,8.18,8.8,5.97,7.0
791,2020-01-29,qa_pair8,5.1,88.26,9.11,8.8,6.15,7.1
792,2020-01-29,qa_pair9,5.6,81.73,7.57,9.1,6.31,6.8
793,2020-01-29,qa_pair10,9.9,59.64,10.82,11.9,9.4,11.2
794,2020-01-29,qa_pair11,8.6,63.09,10.08,11.7,10.09,10.3
795,2020-01-29,qa_pair12,9.7,65.56,11.26,10.4,7.78,10.9
796,2020-01-29,qa_pair13,9.9,59.74,10.87,12.6,10.1,11.7
797,2020-01-29,qa_pair14,7.4,71.44,9.21,10.9,8.58,9.2
798,2020-01-29,qa_pair15,10.5,63.53,12.25,12.0,8.3,12.2
799,2020-01-29,qa_pair16,11.0,56.89,12.46,11.9,8.83,11.8
800,2020-01-29,qa_pair17,8.7,68.2,10.24,12.1,8.41,10.2
801,2020-01-29,qa_pair18,8.3,63.8,9.13,11.0,8.12,8.5
802,2020-01-29,qa_pair19,7.7,70.73,10.06,10.8,7.07,8.2
803,2020-01-29,qa_pair20,10.2,58.82,11.21,12.9,10.04,12.0
804,2020-01-29,qa_pair21,6.9,72.76,9.3,10.6,7.07,7.7
805,2020-03-03,opening_remark,9.2,61.46,11.31,12.5,10.5,10.9
806,2020-03-03,qa_pair1,6.5,79.3,9.23,9.9,5.91,7.1
807,2020-03-03,qa_pair2,9.2,61.56,10.88,12.3,8.99,10.2
808,2020-03-03,qa_pair3,7.1,72.46,8.25,9.6,6.26,6.9
809,2020-03-03,qa_pair4,8.7,68.2,12.16,11.7,8.65,10.4
810,2020-03-03,qa_pair5,8.2,69.41,9.62,10.1,6.96,8.5
811,2020-03-03,qa_pair6,8.0,64.51,9.78,10.9,8.46,8.4
812,2020-03-03,qa_pair7,10.8,62.72,13.14,12.6,8.07,12.4
813,2020-03-03,qa_pair8,5.8,75.71,7.77,8.4,7.41,6.6
814,2020-03-15,opening_remark,12.2,48.23,12.21,13.5,11.49,13.7
815,2020-03-15,qa_pair1,9.6,65.76,12.42,11.8,8.07,10.9
816,2020-03-15,qa_pair2,13.0,46.2,14.18,14.9,9.93,13.9
817,2020-03-15,qa_pair3,8.1,69.72,9.88,11.7,8.76,9.8
818,2020-03-15,qa_pair4,8.3,69.11,9.71,11.3,7.66,9.5
819,2020-03-15,qa_pair5,9.8,59.94,11.27,12.3,8.94,10.4
820,2020-03-15,qa_pair6,6.3,79.8,8.46,9.7,6.84,7.9
821,2020-03-15,qa_pair7,5.8,81.22,8.39,9.1,5.33,6.2
822,2020-03-15,qa_pair8,7.9,75.54,10.98,10.8,6.67,9.4
823,2020-03-15,qa_pair9,8.8,67.79,10.02,10.9,6.44,8.9
824,2020-03-15,qa_pair10,7.8,75.95,10.64,10.3,6.67,9.3
825,2020-03-15,qa_pair11,8.1,69.62,9.57,11.3,8.36,9.8
826,2020-03-15,qa_pair12,8.9,73.0,11.67,10.9,7.84,11.2
827,2020-03-15,qa_pair13,6.8,78.59,9.56,9.5,6.9,8.8
828,2020-04-29,opening_remark,12.0,48.74,12.6,13.9,11.61,13.5
829,2020-04-29,qa_pair1,8.3,69.21,10.46,11.2,6.73,8.4
830,2020-04-29,qa_pair2,9.7,65.46,12.16,11.9,8.36,11.4
831,2020-04-29,qa_pair3,7.5,76.66,9.83,9.9,6.09,8.6
832,2020-04-29,qa_pair4,8.2,69.41,9.79,10.9,7.31,8.9
833,2020-04-29,qa_pair5,7.6,76.35,10.66,10.6,7.31,9.6
834,2020-04-29,qa_pair6,8.8,67.79,10.15,11.2,7.43,9.7
835,2020-04-29,qa_pair7,9.6,71.18,12.29,10.8,7.32,11.8
836,2020-04-29,qa_pair8,7.8,75.84,10.47,10.3,6.15,8.8
837,2020-04-29,qa_pair9,8.0,75.44,10.93,10.3,6.62,9.6
838,2020-04-29,qa_pair10,8.5,74.12,10.95,11.0,6.91,10.2
839,2020-04-29,qa_pair11,7.1,77.67,9.49,10.3,7.14,8.9
840,2020-04-29,qa_pair12,9.7,65.66,11.51,12.4,8.65,11.6
841,2020-04-29,qa_pair13,7.1,77.67,9.39,9.0,5.98,7.9
842,2020-04-29,qa_pair14,7.2,77.57,9.52,10.8,6.96,8.8
843,2020-06-10,opening_remark,12.3,48.13,12.86,14.3,11.32,13.6
844,2020-06-10,qa_pair1,9.2,66.88,11.83,12.1,8.18,10.8
845,2020-06-10,qa_pair2,7.4,76.96,10.1,10.8,6.15,8.5
846,2020-06-10,qa_pair3,7.1,77.77,9.65,10.4,6.79,8.5
847,2020-06-10,qa_pair4,8.4,69.01,10.79,11.8,8.18,9.8
848,2020-06-10,qa_pair5,9.4,71.68,11.81,10.6,6.74,11.4
849,2020-06-10,qa_pair6,6.7,78.79,9.31,10.0,6.32,7.9
850,2020-06-10,qa_pair7,9.7,65.46,12.03,12.0,9.75,12.3
851,2020-06-10,qa_pair8,8.8,67.79,10.35,11.0,7.31,9.9
852,2020-06-10,qa_pair9,9.1,72.5,11.63,10.8,6.33,10.5
853,2020-06-10,qa_pair10,6.3,85.12,9.57,9.5,4.93,7.8
854,2020-06-10,qa_pair11,9.2,66.78,10.84,11.3,7.08,10.1
855,2020-06-10,qa_pair12,8.2,74.83,11.08,11.0,6.27,9.7
856,2020-06-10,qa_pair13,9.0,72.7,11.29,10.4,5.75,10.2
857,2020-06-10,qa_pair14,11.5,60.79,13.5,13.2,7.67,13.3
858,2020-06-10,qa_pair15,8.1,69.82,9.82,10.6,7.49,8.9
859,2020-07-29,opening_remark,11.3,56.08,12.45,13.8,10.86,13.5
860,2020-07-29,qa_pair1,7.8,70.63,9.13,9.9,7.89,8.8
861,2020-07-29,qa_pair2,9.3,66.67,10.43,11.0,7.49,10.3
862,2020-07-29,qa_pair3,3.1,88.23,5.75,0.0,6.92,6.7
863,2020-07-29,qa_pair4,7.7,76.25,10.32,10.8,6.62,9.0
864,2020-07-29,qa_pair5,10.0,59.33,11.08,12.8,10.04,11.9
865,2020-07-29,qa_pair6,7.7,70.73,10.74,11.1,8.23,9.3
866,2020-07-29,qa_pair7,8.2,69.41,10.05,10.5,8.01,9.6
867,2020-07-29,qa_pair8,7.7,76.25,10.42,10.4,7.2,9.5
868,2020-07-29,qa_pair9,7.1,77.77,8.87,9.3,6.56,8.3
869,2020-07-29,qa_pair10,7.6,71.14,9.41,11.0,7.07,8.0
870,2020-07-29,qa_pair11,6.1,80.31,8.19,9.1,6.49,7.3
871,2020-07-29,qa_pair12,8.2,69.52,10.28,11.0,6.79,8.5
872,2020-07-29,qa_pair13,8.1,69.62,9.37,10.3,6.91,8.4
873,2020-07-29,qa_pair14,6.8,78.59,9.42,9.5,5.62,7.4
874,2020-07-29,qa_pair15,6.7,73.27,8.74,10.1,6.26,7.1
875,2020-07-29,qa_pair16,6.8,78.38,9.58,9.7,6.56,7.9
876,2020-07-29,qa_pair17,6.6,79.09,9.69,10.3,6.84,8.2
877,2020-07-29,qa_pair18,8.2,69.52,9.98,10.7,7.54,9.1
878,2020-07-29,qa_pair19,6.7,78.79,9.5,9.8,6.38,7.8
879,2020-09-16,opening_remark,12.8,46.81,12.92,14.8,11.78,14.7
880,2020-09-16,qa_pair1,11.1,56.59,11.88,12.8,10.04,12.8
881,2020-09-16,qa_pair2,10.1,64.54,11.96,13.6,8.88,12.3
882,2020-09-16,qa_pair3,9.3,66.67,10.55,11.7,7.25,10.0
883,2020-09-16,qa_pair4,10.0,64.85,12.15,12.1,8.59,11.7
884,2020-09-16,qa_pair5,12.0,54.15,13.71,13.4,9.93,14.0
885,2020-09-16,qa_pair6,7.4,71.44,9.31,11.2,7.42,8.3
886,2020-09-16,qa_pair7,9.9,65.05,11.66,12.1,8.42,11.8
887,2020-09-16,qa_pair8,10.1,59.03,11.95,13.0,8.76,10.9
888,2020-09-16,qa_pair9,9.3,66.67,11.83,11.7,8.88,11.8
889,2020-09-16,qa_pair10,8.4,74.42,10.34,10.0,6.21,9.7
890,2020-09-16,qa_pair11,6.9,78.18,9.16,9.5,6.91,8.5
891,2020-09-16,qa_pair12,8.6,68.4,10.4,11.1,7.25,9.4
892,2020-09-16,qa_pair13,8.1,69.72,9.53,11.1,7.02,8.6
893,2020-09-16,qa_pair14,7.9,75.64,10.03,10.4,6.67,9.4
894,2020-09-16,qa_pair15,6.5,73.78,8.75,11.1,8.17,7.9
895,2020-09-16,qa_pair16,7.0,77.87,10.1,10.7,7.37,9.0
896,2020-09-16,qa_pair17,7.1,72.46,8.95,10.5,8.18,8.3
897,2020-09-16,qa_pair18,7.1,72.36,8.32,10.7,6.84,7.4
898,2020-11-05,opening_remark,12.4,47.72,12.66,14.7,12.02,14.3
899,2020-11-05,qa_pair1,8.2,69.52,10.11,11.3,8.36,9.7
900,2020-11-05,qa_pair2,16.0,49.11,18.76,14.6,7.96,18.6
901,2020-11-05,qa_pair3,11.3,61.4,12.64,12.0,7.55,12.6
902,2020-11-05,qa_pair4,10.8,57.4,11.83,13.0,8.76,12.0
903,2020-11-05,qa_pair5,7.5,76.66,10.03,10.8,6.96,9.3
904,2020-11-05,qa_pair6,9.0,67.49,11.85,11.2,8.59,11.1
905,2020-11-05,qa_pair7,9.7,71.07,11.77,11.0,6.39,11.1
906,2020-11-05,qa_pair8,9.6,65.86,11.99,12.1,8.18,11.2
907,2020-11-05,qa_pair9,8.0,69.92,9.48,10.2,7.94,9.4
908,2020-11-05,qa_pair10,7.9,75.54,10.96,10.9,6.96,10.0
909,2020-11-05,qa_pair11,8.1,69.72,9.71,10.7,6.5,8.0
910,2020-11-05,qa_pair12,7.7,70.84,9.64,10.3,7.31,8.4
911,2020-11-05,qa_pair13,6.3,85.32,9.57,9.1,5.63,8.0
912,2020-11-05,qa_pair14,7.5,76.66,9.8,10.6,7.25,9.5
913,2020-11-05,qa_pair15,9.5,66.17,11.4,12.5,8.01,11.1
914,2020-12-16,opening_remark,12.5,47.62,12.56,14.7,11.96,14.4
915,2020-12-16,qa_pair1,8.6,63.09,9.77,11.8,8.76,9.3
916,2020-12-16,qa_pair2,9.9,65.15,11.91,11.5,8.3,11.7
917,2020-12-16,qa_pair3,8.0,69.92,9.08,10.2,6.79,8.4
918,2020-12-16,qa_pair4,6.5,73.98,7.91,10.0,6.89,6.8
919,2020-12-16,qa_pair5,7.4,71.55,9.05,9.6,7.48,8.4
920,2020-12-16,qa_pair6,7.1,77.77,8.89,9.1,6.21,8.1
921,2020-12-16,qa_pair7,8.7,68.3,9.7,11.1,7.02,9.3
922,2020-12-16,qa_pair8,9.2,61.56,10.44,12.1,9.28,10.3
923,2020-12-16,qa_pair9,8.4,68.91,10.3,11.1,8.01,9.7
924,2020-12-16,qa_pair10,9.0,67.49,10.69,11.7,7.49,10.0
925,2020-12-16,qa_pair11,9.0,67.28,10.33,11.1,8.24,10.7
926,2020-12-16,qa_pair12,7.4,76.96,9.88,9.7,6.21,8.6
927,2020-12-16,qa_pair13,8.8,62.58,11.34,12.4,10.73,11.0
928,2020-12-16,qa_pair14,6.9,72.87,9.3,10.3,6.43,6.8
929,2020-12-16,qa_pair15,6.0,80.72,8.54,10.1,6.55,7.3
930,2020-12-16,qa_pair16,8.2,74.83,10.72,11.2,6.79,10.1
931,2021-01-27,opening_remark,13.8,38.66,12.93,15.4,12.54,15.1
932,2021-01-27,qa_pair1,9.9,59.74,11.16,12.2,8.99,10.8
933,2021-01-27,qa_pair2,7.7,70.73,9.49,10.4,6.49,7.7
934,2021-01-27,qa_pair3,10.5,58.11,10.87,12.5,8.3,11.0
935,2021-01-27,qa_pair4,8.1,69.62,9.5,10.9,6.85,8.3
936,2021-01-27,qa_pair5,7.6,76.45,9.96,10.2,6.56,9.1
937,2021-01-27,qa_pair6,7.7,70.73,9.47,10.8,6.03,7.6
938,2021-01-27,qa_pair7,8.3,69.21,10.26,10.9,9.46,10.8
939,2021-01-27,qa_pair8,8.5,68.6,10.72,11.7,8.24,10.2
940,2021-01-27,qa_pair9,6.7,78.89,8.85,9.8,6.2,7.9
941,2021-01-27,qa_pair10,8.6,68.4,10.63,11.6,8.01,9.9
942,2021-01-27,qa_pair11,7.4,71.44,9.22,10.3,8.12,9.0
943,2021-01-27,qa_pair12,8.4,74.22,11.04,11.1,6.8,10.1
944,2021-01-27,qa_pair13,8.6,68.4,10.12,11.4,7.66,9.7
945,2021-03-17,opening_remark,12.7,47.12,12.55,14.8,11.96,14.6
946,2021-03-17,qa_pair1,-1.9,117.16,2.0,0.0,7.28,6.5
947,2021-03-17,qa_pair2,7.3,71.85,9.04,10.4,7.94,8.6
948,2021-03-17,qa_pair3,8.1,69.82,9.78,10.6,6.44,8.1
949,2021-03-17,qa_pair4,10.6,63.32,12.96,12.3,7.26,11.4
950,2021-03-17,qa_pair5,6.7,73.47,8.23,9.9,5.85,6.3
951,2021-03-17,qa_pair6,5.5,81.83,8.17,9.3,6.14,6.5
952,2021-03-17,qa_pair7,8.5,68.81,10.17,11.6,8.12,9.8
953,2021-03-17,qa_pair8,9.5,60.75,10.77,12.0,8.76,10.3
954,2021-03-17,qa_pair9,8.6,73.71,10.88,10.9,7.96,11.1
955,2021-03-17,qa_pair10,6.2,74.79,7.81,9.1,6.78,6.6
956,2021-03-17,qa_pair11,9.4,66.27,12.11,12.1,9.23,11.8
957,2021-03-17,qa_pair12,7.1,72.26,9.24,10.7,6.84,7.3
958,2021-03-17,qa_pair13,8.0,70.02,9.57,10.5,6.84,8.6
959,2021-03-17,qa_pair14,8.2,69.41,9.47,10.0,7.89,9.4
960,2021-03-17,qa_pair15,7.4,71.55,8.79,11.1,7.42,8.3
961,2021-03-17,qa_pair16,6.8,67.65,6.74,10.0,8.51,7.3
962,2021-03-17,qa_pair17,6.6,78.99,8.37,9.8,6.49,8.3
963,2021-03-17,qa_pair18,7.6,71.14,9.06,10.6,7.07,8.3
964,2021-03-17,qa_pair19,4.6,84.17,6.78,8.3,5.44,5.4
965,2021-04-28,opening_remark,12.4,47.72,12.71,14.9,11.96,14.3
966,2021-04-28,qa_pair1,6.7,73.27,8.87,9.7,7.71,7.8
967,2021-04-28,qa_pair2,10.8,62.61,13.52,12.7,7.32,11.9
968,2021-04-28,qa_pair3,10.0,70.06,12.74,12.5,7.2,12.2
969,2021-04-28,qa_pair4,13.4,56.02,15.68,13.6,9.12,16.5
970,2021-04-28,qa_pair5,7.2,77.47,9.57,9.9,5.8,7.7
971,2021-04-28,qa_pair6,7.2,77.47,9.35,9.5,7.78,9.5
972,2021-04-28,qa_pair7,7.0,77.98,9.13,9.3,6.56,8.2
973,2021-04-28,qa_pair8,9.7,65.56,11.25,12.7,8.54,11.3
974,2021-04-28,qa_pair9,6.7,78.79,8.53,8.8,5.68,7.4
975,2021-04-28,qa_pair10,8.4,69.01,10.97,11.2,8.53,10.0
976,2021-04-28,qa_pair11,4.9,88.87,7.27,7.1,3.83,5.5
977,2021-04-28,qa_pair12,9.5,66.17,10.52,11.9,7.54,10.5
978,2021-04-28,qa_pair13,7.4,76.86,9.53,10.7,6.79,9.1
979,2021-04-28,qa_pair14,8.2,69.41,9.31,10.3,7.08,8.7
980,2021-04-28,qa_pair15,11.5,60.79,13.08,12.5,7.67,13.1
981,2021-04-28,qa_pair16,7.6,71.14,8.93,10.6,7.48,8.6
982,2021-04-28,qa_pair17,6.7,78.79,9.23,9.7,5.91,7.7
983,2021-04-28,qa_pair18,4.8,83.76,6.91,9.0,5.44,5.5
984,2021-06-16,opening_remark,12.2,48.33,12.25,15.0,12.54,14.5
985,2021-06-16,qa_pair1,8.0,75.34,10.23,9.8,6.33,9.3
986,2021-06-16,qa_pair2,7.2,77.57,10.13,10.6,7.14,8.8
987,2021-06-16,qa_pair3,9.6,65.86,11.2,11.6,8.36,11.3
988,2021-06-16,qa_pair4,9.7,65.56,10.57,11.6,8.25,11.5
989,2021-06-16,qa_pair5,3.4,92.63,6.6,0.0,4.8,4.6
990,2021-06-16,qa_pair6,8.1,69.72,10.04,11.7,8.53,9.7
991,2021-06-16,qa_pair7,6.3,74.49,8.23,9.4,6.72,6.6
992,2021-06-16,qa_pair8,6.1,80.31,8.97,9.9,6.73,7.6
993,2021-06-16,qa_pair9,8.1,69.82,8.59,9.0,7.2,8.7
994,2021-06-16,qa_pair10,7.1,77.77,9.22,10.0,6.79,8.6
995,2021-06-16,qa_pair11,8.1,69.82,10.06,10.6,8.41,9.5
996,2021-06-16,qa_pair12,7.1,77.77,9.65,10.2,6.85,8.6
997,2021-06-16,qa_pair13,6.1,80.41,8.61,9.6,7.19,8.0
998,2021-06-16,qa_pair14,9.5,65.96,11.19,12.0,7.25,10.6
999,2021-06-16,qa_pair15,4.8,88.97,7.41,8.0,4.81,6.0
1000,2021-06-16,qa_pair16,10.0,64.85,12.38,12.8,8.77,12.3
1001,2021-06-16,qa_pair17,7.4,71.44,8.99,10.2,7.42,8.3
1002,2021-06-16,qa_pair18,7.8,70.53,9.35,10.7,6.78,8.2
1003,2021-07-28,opening_remark,13.8,38.66,13.22,15.4,13.0,15.5
1004,2021-07-28,qa_pair1,6.5,79.4,8.83,10.4,6.73,8.1
1005,2021-07-28,qa_pair2,7.2,77.37,9.68,9.5,6.21,8.4
1006,2021-07-28,qa_pair3,8.1,69.62,9.56,10.5,7.49,8.9
1007,2021-07-28,qa_pair4,7.2,72.16,8.51,10.0,7.07,7.8
1008,2021-07-28,qa_pair5,5.6,81.63,8.0,9.8,5.91,6.4
1009,2021-07-28,qa_pair6,9.1,67.08,11.21,11.4,7.37,10.1
1010,2021-07-28,qa_pair7,8.2,74.93,10.49,10.8,6.79,10.1
1011,2021-07-28,qa_pair8,5.1,83.05,7.42,8.6,5.97,5.7
1012,2021-07-28,qa_pair9,7.3,77.27,9.58,9.4,6.21,8.3
1013,2021-07-28,qa_pair10,8.9,67.69,10.17,11.4,6.67,9.3
1014,2021-07-28,qa_pair11,7.2,77.57,9.48,10.5,6.5,8.5
1015,2021-07-28,qa_pair12,11.5,55.47,12.24,12.9,8.94,12.6
1016,2021-07-28,qa_pair13,7.3,77.16,9.2,9.7,6.09,8.3
1017,2021-07-28,qa_pair14,9.0,67.28,10.93,11.1,7.78,10.3
1018,2021-07-28,qa_pair15,8.8,67.79,10.17,10.4,6.73,9.4
1019,2021-07-28,qa_pair16,6.7,78.79,8.47,9.8,5.33,7.2
1020,2021-07-28,qa_pair17,5.6,81.63,7.58,8.5,5.56,6.1
1021,2021-09-22,opening_remark,12.2,48.33,12.51,15.2,12.54,14.5
1022,2021-09-22,qa_pair1,10.1,64.64,11.67,12.2,9.0,12.3
1023,2021-09-22,qa_pair2,7.1,77.77,9.45,10.0,6.96,8.7
1024,2021-09-22,qa_pair3,7.6,71.04,9.51,10.6,7.6,8.4
1025,2021-09-22,qa_pair4,8.6,68.4,10.44,11.0,8.12,9.9
1026,2021-09-22,qa_pair5,8.0,70.02,10.4,11.1,7.48,8.8
1027,2021-09-22,qa_pair6,6.0,80.51,8.8,10.0,6.2,7.0
1028,2021-09-22,qa_pair7,7.7,76.05,9.81,10.1,6.85,9.4
1029,2021-09-22,qa_pair8,9.7,65.66,11.89,12.3,6.74,10.0
1030,2021-09-22,qa_pair9,8.0,70.02,9.98,11.9,7.89,9.1
1031,2021-09-22,qa_pair10,8.7,68.2,10.44,10.6,7.49,9.4
1032,2021-09-22,qa_pair11,10.0,53.92,12.5,12.3,9.28,9.8
1033,2021-09-22,qa_pair12,7.3,77.27,9.52,9.9,6.44,8.5
1034,2021-09-22,qa_pair13,8.8,67.79,10.31,11.0,7.54,9.7
1035,2021-09-22,qa_pair14,7.2,72.05,8.92,10.5,8.23,8.4
1036,2021-09-22,qa_pair15,5.2,82.65,7.19,8.5,6.49,6.5
1037,2021-09-22,qa_pair16,7.3,77.27,9.47,9.3,6.62,8.8
1038,2021-09-22,qa_pair17,7.6,70.94,8.34,10.4,7.36,8.5
1039,2021-09-22,qa_pair18,5.6,81.63,7.56,8.7,5.15,6.0
1040,2021-09-22,qa_pair19,8.7,68.3,11.03,12.1,7.49,9.4
1041,2021-11-03,opening_remark,13.0,40.89,12.67,15.2,12.53,14.3
1042,2021-11-03,qa_pair1,8.4,69.01,10.0,11.5,8.3,9.7
1043,2021-11-03,qa_pair2,8.3,69.21,10.3,10.8,7.6,9.2
1044,2021-11-03,qa_pair3,2.5,95.17,4.0,0.0,4.44,4.3
1045,2021-11-03,qa_pair4,10.5,63.43,12.61,13.2,8.59,12.5
1046,2021-11-03,qa_pair5,8.9,67.59,11.49,11.6,7.2,9.6
1047,2021-11-03,qa_pair6,10.9,57.0,12.38,13.5,9.41,12.3
1048,2021-11-03,qa_pair7,7.4,76.96,9.99,10.9,6.73,8.9
1049,2021-11-03,qa_pair8,7.2,77.57,8.73,10.4,6.38,8.4
1050,2021-11-03,qa_pair9,7.0,78.08,9.43,10.7,6.73,8.3
1051,2021-11-03,qa_pair10,7.3,66.33,8.34,10.4,8.23,7.5
1052,2021-11-03,qa_pair11,7.4,77.06,10.54,10.7,6.15,8.2
1053,2021-11-03,qa_pair12,9.4,66.37,11.03,11.7,7.43,10.5
1054,2021-11-03,qa_pair13,7.5,71.34,10.15,11.1,7.31,8.1
1055,2021-11-03,qa_pair14,8.0,75.34,10.65,10.9,6.5,9.5
1056,2021-11-03,qa_pair15,8.9,67.69,10.12,9.4,7.49,9.9
1057,2021-11-03,qa_pair16,6.0,80.72,8.37,9.6,5.57,6.4
1058,2021-11-03,qa_pair17,7.2,77.57,9.59,10.6,6.67,8.5
1059,2021-12-15,opening_remark,11.8,49.45,12.34,15.0,11.89,13.7
1060,2021-12-15,qa_pair1,7.9,70.23,10.05,11.6,8.58,9.6
1061,2021-12-15,qa_pair2,8.1,69.62,9.85,10.9,8.07,9.4
1062,2021-12-15,qa_pair3,6.4,79.6,9.15,10.5,7.02,7.9
1063,2021-12-15,qa_pair4,9.6,65.86,10.83,12.1,7.43,10.8
1064,2021-12-15,qa_pair5,6.5,79.19,8.84,9.8,6.78,8.0
1065,2021-12-15,qa_pair6,8.8,67.99,10.03,10.7,7.43,9.8
1066,2021-12-15,qa_pair7,8.8,67.89,10.87,11.7,7.72,10.0
1067,2021-12-15,qa_pair8,9.1,67.18,10.32,12.3,7.25,10.0
1068,2021-12-15,qa_pair9,9.3,66.67,10.39,10.9,7.08,10.0
1069,2021-12-15,qa_pair10,7.4,71.44,8.93,9.7,10.44,10.6
1070,2021-12-15,qa_pair11,7.9,75.74,10.32,10.7,6.33,9.1
1071,2021-12-15,qa_pair12,9.2,66.78,10.96,12.5,8.7,11.5
1072,2021-12-15,qa_pair13,7.2,77.47,9.51,10.5,5.57,7.6
1073,2021-12-15,qa_pair14,7.2,71.95,8.47,10.9,8.12,8.7
1074,2021-12-15,qa_pair15,9.5,66.17,10.88,11.9,6.96,10.2
1075,2021-12-15,qa_pair16,6.7,78.89,9.17,9.5,5.51,7.2
1076,2021-12-15,qa_pair17,6.3,79.8,8.02,9.2,5.45,6.6
1077,2022-01-26,opening_remark,11.7,49.65,12.13,14.2,11.6,13.4
1078,2022-01-26,qa_pair1,7.6,71.04,9.67,10.9,7.07,8.1
1079,2022-01-26,qa_pair2,8.9,67.69,11.13,11.7,8.76,10.7
1080,2022-01-26,qa_pair3,7.4,77.06,9.99,10.8,7.49,9.5
1081,2022-01-26,qa_pair4,8.6,62.98,10.63,11.9,8.76,9.2
1082,2022-01-26,qa_pair5,8.0,70.02,10.33,11.7,7.89,9.3
1083,2022-01-26,qa_pair6,8.7,68.3,10.41,10.7,7.02,9.2
1084,2022-01-26,qa_pair7,5.6,81.73,7.61,9.5,5.33,5.9
1085,2022-01-26,qa_pair8,6.0,80.72,8.21,9.8,6.09,6.8
1086,2022-01-26,qa_pair9,8.6,68.5,10.99,11.6,7.72,9.7
1087,2022-01-26,qa_pair10,8.2,69.52,9.71,11.2,8.41,10.0
1088,2022-01-26,qa_pair11,7.0,77.98,9.51,10.0,6.21,7.8
1089,2022-01-26,qa_pair12,8.7,68.3,10.16,11.7,7.31,9.4
1090,2022-01-26,qa_pair13,7.4,76.96,10.04,10.9,6.04,8.4
1091,2022-01-26,qa_pair14,6.0,80.51,8.38,9.4,5.57,6.6
1092,2022-01-26,qa_pair15,6.7,73.47,8.21,10.1,7.53,7.5
1093,2022-03-16,opening_remark,10.7,52.19,11.03,14.0,11.08,11.7
1094,2022-03-16,qa_pair1,7.9,70.23,10.73,11.3,8.0,9.1
1095,2022-03-16,qa_pair2,5.4,82.14,8.26,9.3,6.14,6.4
1096,2022-03-16,qa_pair3,10.1,69.96,12.41,10.8,6.91,12.0
1097,2022-03-16,qa_pair4,7.9,70.23,9.61,10.5,6.84,8.2
1098,2022-03-16,qa_pair5,7.5,71.24,8.66,9.9,6.38,7.4
1099,2022-03-16,qa_pair6,5.2,82.65,7.65,8.7,5.04,5.3
1100,2022-03-16,qa_pair7,6.3,79.9,8.41,9.0,6.32,7.3
1101,2022-03-16,qa_pair8,8.3,69.11,9.87,10.4,8.07,9.7
1102,2022-03-16,qa_pair9,8.3,74.53,11.01,11.4,6.79,10.2
1103,2022-03-16,qa_pair10,8.3,69.21,10.13,10.3,7.25,9.1
1104,2022-03-16,qa_pair11,5.3,82.44,7.47,8.7,6.02,6.0
1105,2022-03-16,qa_pair12,9.0,67.28,10.24,12.7,8.65,11.0
1106,2022-03-16,qa_pair13,6.3,79.7,9.13,9.8,5.8,6.8
1107,2022-03-16,qa_pair14,7.2,72.05,9.4,11.0,6.61,7.3
1108,2022-03-16,qa_pair15,8.1,69.72,10.19,11.3,7.08,8.5
1109,2022-03-16,qa_pair16,7.0,72.66,8.37,9.9,6.84,7.0
1110,2022-03-16,qa_pair17,8.1,64.41,10.2,11.0,8.69,8.9
1111,2022-03-16,qa_pair18,6.3,79.8,8.41,9.2,6.03,7.1
1112,2022-03-16,qa_pair19,7.0,77.87,9.62,10.2,5.98,7.8
1113,2022-05-04,opening_remark,11.1,51.28,11.3,13.4,11.37,12.3
1114,2022-05-04,qa_pair1,8.1,69.62,9.42,11.0,8.18,9.3
1115,2022-05-04,qa_pair2,7.2,72.05,8.6,11.0,7.19,7.7
1116,2022-05-04,qa_pair3,7.3,71.75,9.12,10.4,7.02,7.8
1117,2022-05-04,qa_pair4,5.9,80.82,8.18,9.0,7.07,7.4
1118,2022-05-04,qa_pair5,8.3,74.63,10.71,10.0,6.33,9.6
1119,2022-05-04,qa_pair6,6.3,79.7,8.58,9.5,6.38,7.5
1120,2022-05-04,qa_pair7,6.7,78.69,8.83,9.8,6.26,7.8
1121,2022-05-04,qa_pair8,7.5,71.24,9.35,10.2,7.36,8.3
1122,2022-05-04,qa_pair9,7.1,72.26,9.41,10.5,6.38,7.0
1123,2022-05-04,qa_pair10,7.0,72.56,8.22,10.4,6.2,6.7
1124,2022-05-04,qa_pair11,6.4,74.29,9.05,10.3,7.47,7.2
1125,2022-05-04,qa_pair12,7.5,71.34,10.3,10.8,8.87,9.3
1126,2022-05-04,qa_pair13,6.2,80.01,8.45,9.6,6.15,7.1
1127,2022-05-04,qa_pair14,6.5,79.4,8.55,10.2,5.68,7.0
1128,2022-06-15,opening_remark,11.1,51.07,11.28,13.8,11.08,12.2
1129,2022-06-15,qa_pair1,9.3,66.57,11.88,12.4,8.24,10.8
1130,2022-06-15,qa_pair2,10.4,63.83,12.28,11.8,7.2,11.2
1131,2022-06-15,qa_pair3,6.4,79.6,8.36,9.8,6.03,7.3
1132,2022-06-15,qa_pair4,10.5,63.53,11.43,12.0,7.32,11.4
1133,2022-06-15,qa_pair5,7.1,77.77,9.89,9.9,6.21,8.1
1134,2022-06-15,qa_pair6,10.5,63.53,12.42,12.3,7.72,11.9
1135,2022-06-15,qa_pair7,7.9,70.33,8.7,10.1,6.38,7.8
1136,2022-06-15,qa_pair8,7.8,70.53,9.2,10.8,8.41,9.3
1137,2022-06-15,qa_pair9,7.1,72.26,8.87,9.9,8.18,8.4
1138,2022-06-15,qa_pair10,7.0,72.56,8.8,10.7,7.31,7.6
1139,2022-06-15,qa_pair11,8.7,68.1,10.24,10.8,6.44,8.8
1140,2022-06-15,qa_pair12,9.5,65.96,11.21,12.4,8.3,11.4
1141,2022-06-15,qa_pair13,9.6,65.76,11.74,11.6,8.01,11.0
1142,2022-06-15,qa_pair14,7.4,76.96,10.31,10.6,6.56,8.7
1143,2022-06-15,qa_pair15,7.0,77.87,10.69,11.1,5.86,7.7
1144,2022-06-15,qa_pair16,9.0,67.38,10.87,11.5,7.72,10.2
1145,2022-06-15,qa_pair17,8.5,68.6,9.85,10.0,7.2,9.0
1146,2022-07-27,opening_remark,12.2,48.23,12.84,14.4,11.78,13.9
1147,2022-07-27,qa_pair1,6.8,78.48,10.23,10.6,7.02,8.4
1148,2022-07-27,qa_pair2,7.8,70.43,9.44,10.4,6.44,7.9
1149,2022-07-27,qa_pair3,10.7,63.02,13.06,12.9,7.72,12.0
1150,2022-07-27,qa_pair4,7.9,70.23,9.95,11.3,8.12,9.3
1151,2022-07-27,qa_pair5,7.5,71.34,9.34,10.9,6.9,7.7
1152,2022-07-27,qa_pair6,8.3,74.73,10.32,9.8,6.21,9.5
1153,2022-07-27,qa_pair7,5.0,83.25,7.52,9.1,5.33,5.3
1154,2022-07-27,qa_pair8,6.7,78.89,10.04,10.4,6.9,8.5
1155,2022-07-27,qa_pair9,7.4,76.86,9.45,10.1,5.98,8.3
1156,2022-07-27,qa_pair10,6.8,78.59,8.8,10.0,6.78,8.3
1157,2022-07-27,qa_pair11,5.2,82.75,7.51,8.6,6.43,6.1
1158,2022-07-27,qa_pair12,8.5,68.81,10.23,10.8,8.12,9.8
1159,2022-07-27,qa_pair13,5.7,81.33,8.28,9.8,5.68,6.4
1160,2022-07-27,qa_pair14,5.0,83.15,6.95,7.8,5.21,5.0
1161,2022-07-27,qa_pair15,8.9,67.59,10.85,12.3,8.41,10.7
1162,2022-07-27,qa_pair16,5.8,81.12,7.93,9.2,6.26,6.8
1163,2022-07-27,qa_pair17,6.0,80.72,9.01,10.4,5.86,6.7
1164,2022-07-27,qa_pair18,9.0,67.28,11.45,11.6,7.37,9.8
1165,2022-07-27,qa_pair19,9.0,67.38,10.33,11.0,6.5,9.2
1166,2022-07-27,qa_pair20,8.1,64.3,9.46,11.0,8.23,8.7
1167,2022-07-27,qa_pair21,7.6,71.14,9.37,10.2,7.25,8.1
1168,2022-09-21,opening_remark,11.0,51.48,11.06,13.9,11.08,12.1
1169,2022-09-21,qa_pair1,9.3,71.89,11.92,10.6,6.91,11.0
1170,2022-09-21,qa_pair2,8.2,69.52,9.67,11.1,7.25,8.7
1171,2022-09-21,qa_pair3,11.3,55.98,12.6,13.4,9.58,12.8
1172,2022-09-21,qa_pair4,10.0,64.85,11.87,12.3,7.72,11.0
1173,2022-09-21,qa_pair5,5.9,80.92,8.32,9.9,5.57,6.2
1174,2022-09-21,qa_pair6,7.9,75.54,10.52,11.0,6.33,9.2
1175,2022-09-21,qa_pair7,8.3,69.31,9.65,10.8,7.89,9.4
1176,2022-09-21,qa_pair8,10.1,64.64,12.69,12.8,7.9,11.4
1177,2022-09-21,qa_pair9,7.9,75.74,10.65,11.1,7.66,10.1
1178,2022-09-21,qa_pair10,6.6,78.99,8.77,10.1,5.74,7.2
1179,2022-09-21,qa_pair11,8.2,74.93,10.82,11.0,6.44,9.5
1180,2022-09-21,qa_pair12,7.5,76.76,9.55,10.9,6.79,8.9
1181,2022-09-21,qa_pair13,7.9,75.74,9.84,9.4,7.37,9.9
1182,2022-09-21,qa_pair14,8.2,69.52,10.27,11.1,5.75,7.4
1183,2022-11-02,opening_remark,11.2,50.77,11.48,14.3,11.72,12.9
1184,2022-11-02,qa_pair1,12.4,53.14,14.35,14.0,9.64,14.1
1185,2022-11-02,qa_pair2,10.8,62.61,12.08,12.4,7.32,11.8
1186,2022-11-02,qa_pair3,7.2,77.57,9.8,10.8,6.85,8.6
1187,2022-11-02,qa_pair4,7.5,71.34,8.78,10.5,7.77,8.4
1188,2022-11-02,qa_pair5,9.8,65.25,11.86,13.1,8.13,11.2
1189,2022-11-02,qa_pair6,7.8,70.53,9.07,10.0,7.94,9.1
1190,2022-11-02,qa_pair7,7.0,72.66,8.03,9.6,6.38,6.7
1191,2022-11-02,qa_pair8,7.0,78.08,9.38,10.5,6.79,8.2
1192,2022-11-02,qa_pair9,11.2,56.39,12.38,13.3,8.77,11.9
1193,2022-11-02,qa_pair10,6.8,78.48,9.39,10.2,5.57,7.5
1194,2022-11-02,qa_pair11,8.3,74.53,10.52,10.3,6.27,9.6
1195,2022-11-02,qa_pair12,7.2,77.37,9.43,9.1,7.31,8.9
1196,2022-11-02,qa_pair13,7.1,72.46,8.84,10.4,7.07,7.3
1197,2022-12-14,opening_remark,10.9,51.58,10.8,13.7,10.68,11.7
1198,2022-12-14,qa_pair1,7.8,70.43,9.51,11.3,7.54,8.7
1199,2022-12-14,qa_pair2,7.3,77.27,9.32,10.4,6.38,8.3
1200,2022-12-14,qa_pair3,6.5,73.88,9.03,10.7,7.42,7.2
1201,2022-12-14,qa_pair4,8.4,74.22,11.41,10.5,7.32,10.4
1202,2022-12-14,qa_pair5,6.5,79.4,8.53,9.9,6.73,7.9
1203,2022-12-14,qa_pair6,8.4,68.91,10.45,12.1,8.01,9.8
1204,2022-12-14,qa_pair7,8.7,68.3,9.44,10.5,6.73,8.9
1205,2022-12-14,qa_pair8,6.4,74.08,8.86,10.4,6.95,6.5
1206,2022-12-14,qa_pair9,7.1,67.04,9.17,10.5,8.92,8.0
1207,2022-12-14,qa_pair10,7.6,70.94,8.88,10.6,8.18,8.9
1208,2022-12-14,qa_pair11,6.5,79.4,8.92,10.3,6.55,7.9
1209,2022-12-14,qa_pair12,7.4,71.55,9.61,10.6,7.31,7.9
1210,2022-12-14,qa_pair13,6.8,73.07,8.28,10.2,6.72,7.1
1211,2022-12-14,qa_pair14,7.4,71.65,9.02,11.0,7.13,7.8
1212,2022-12-14,qa_pair15,6.8,73.07,8.87,10.8,6.95,7.5
1213,2022-12-14,qa_pair16,6.2,80.11,8.34,8.7,5.91,6.9
1214,2022-12-14,qa_pair17,5.6,81.53,7.96,9.4,7.3,7.6
1215,2022-12-14,qa_pair18,5.9,80.82,8.43,9.5,6.61,7.1
1216,2023-02-01,opening_remark,11.4,50.46,11.61,14.3,11.31,12.7
1217,2023-02-01,qa_pair1,9.1,61.77,9.58,12.6,10.5,11.0
1218,2023-02-01,qa_pair2,9.2,66.98,10.22,10.6,7.66,10.3
1219,2023-02-01,qa_pair3,6.2,74.59,7.61,9.4,7.59,6.9
1220,2023-02-01,qa_pair4,8.2,69.41,9.56,11.0,6.44,8.1
1221,2023-02-01,qa_pair5,6.0,80.62,8.05,9.6,6.15,6.8
1222,2023-02-01,qa_pair6,6.8,78.59,9.51,10.3,7.31,8.7
1223,2023-02-01,qa_pair7,7.2,72.16,8.28,9.4,6.55,7.1
1224,2023-02-01,qa_pair8,8.7,68.2,10.53,11.1,7.37,9.3
1225,2023-02-01,qa_pair9,8.0,69.92,9.09,11.1,7.83,9.2
1226,2023-02-01,qa_pair10,8.0,75.44,10.76,10.9,7.78,10.3
1227,2023-02-01,qa_pair11,7.0,77.87,9.8,10.8,6.5,8.4
1228,2023-02-01,qa_pair12,6.2,80.11,8.27,9.6,6.15,7.1
1229,2023-02-01,qa_pair13,7.6,71.14,9.15,11.0,8.18,9.2
1230,2023-02-01,qa_pair14,7.6,76.45,10.43,11.2,7.02,9.3
1231,2023-02-01,qa_pair15,6.4,74.08,7.92,10.1,6.49,6.6
1232,2023-02-01,qa_pair16,7.4,71.65,8.7,10.4,7.77,8.2
1233,2023-02-01,qa_pair17,7.0,72.56,8.98,10.5,8.23,8.3
1234,2023-03-22,opening_remark,10.9,51.58,10.82,13.3,11.02,12.0
1235,2023-03-22,qa_pair1,12.8,57.54,15.3,14.2,8.66,15.1
1236,2023-03-22,qa_pair2,11.6,55.27,13.02,13.7,9.41,13.3
1237,2023-03-22,qa_pair3,12.9,57.23,15.29,13.4,9.12,15.7
1238,2023-03-22,qa_pair4,8.9,67.69,11.1,11.5,6.73,9.2
1239,2023-03-22,qa_pair5,7.8,70.43,9.18,10.7,7.13,8.6
1240,2023-03-22,qa_pair6,7.7,70.73,9.69,10.6,7.36,8.4
1241,2023-03-22,qa_pair7,9.0,67.28,11.25,11.2,7.08,9.6
1242,2023-03-22,qa_pair8,9.8,59.84,10.79,11.4,9.05,10.8
1243,2023-03-22,qa_pair9,6.9,72.76,7.89,9.7,7.71,7.8
1244,2023-03-22,qa_pair10,8.4,68.91,10.09,10.0,6.56,8.7
1245,2023-03-22,qa_pair11,7.7,76.25,10.09,9.6,7.08,9.7
1246,2023-03-22,qa_pair12,11.0,56.69,12.32,12.6,10.22,12.9
1247,2023-03-22,qa_pair13,11.0,62.21,13.42,12.6,7.96,12.8
1248,2023-03-22,qa_pair14,7.4,71.55,9.05,9.6,6.84,7.7
1249,2023-03-22,qa_pair15,6.7,78.69,8.46,9.1,5.8,7.4
1250,2023-03-22,qa_pair16,9.7,71.07,12.31,12.0,6.68,11.4
1251,2023-03-22,qa_pair17,6.8,78.48,8.71,8.8,6.26,8.2
1252,2023-03-22,qa_pair18,7.4,71.44,9.45,11.1,7.6,8.7
1253,2023-03-22,qa_pair19,9.3,66.67,11.25,11.9,8.59,11.3
1254,2023-05-03,opening_remark,10.9,51.58,10.83,13.6,11.43,12.4
1255,2023-05-03,qa_pair1,9.1,67.08,11.39,11.8,7.89,10.4
1256,2023-05-03,qa_pair2,5.6,81.53,8.29,10.0,5.97,6.6
1257,2023-05-03,qa_pair3,7.2,72.05,9.12,11.1,7.54,8.2
1258,2023-05-03,qa_pair4,5.8,81.12,8.44,9.9,5.97,6.5
1259,2023-05-03,qa_pair5,9.1,67.08,11.26,11.4,6.96,9.9
1260,2023-05-03,qa_pair6,9.2,66.88,11.42,11.2,7.6,10.4
1261,2023-05-03,qa_pair7,7.9,75.54,10.69,11.3,6.73,9.7
1262,2023-05-03,qa_pair8,6.0,80.72,7.98,8.7,6.09,6.9
1263,2023-05-03,qa_pair9,8.3,69.11,9.78,10.8,6.73,8.8
1264,2023-05-03,qa_pair10,6.7,78.89,9.46,10.6,6.44,7.9
1265,2023-05-03,qa_pair11,8.9,67.69,10.58,10.4,8.59,10.8
1266,2023-05-03,qa_pair12,5.8,81.22,8.02,9.5,6.09,6.7
1267,2023-05-03,qa_pair13,9.2,66.88,10.62,10.9,8.65,11.2
1268,2023-05-03,qa_pair14,7.4,77.06,9.85,9.5,5.86,8.3
1269,2023-05-03,qa_pair15,7.6,76.56,10.93,10.8,6.62,8.8
1270,2023-05-03,qa_pair16,-0.8,114.12,3.2,0.0,2.1,1.4
1271,2023-05-03,qa_pair17,9.5,66.07,11.44,11.4,7.49,10.6
1272,2023-05-03,qa_pair18,7.7,70.84,9.87,10.7,6.9,8.2
1273,2023-05-03,qa_pair19,6.0,86.03,9.12,8.7,5.28,7.6
1274,2023-05-03,qa_pair20,5.5,81.83,7.77,9.4,5.85,6.5
1275,2023-06-14,opening_remark,11.1,51.28,10.62,14.1,10.85,12.0
